machine_name,keep_id,keep_file,delete_id,delete_file,reason
Lゴブリンスレイヤー,goblin_slayer,goblin_slayer.json,list_slot_001,list_slot_001.json,legacy duplicate registration
L戦国乙女4 戦乱に閃く炯眼の軍師,sengoku_otome4,sengoku_otome4.json,list_slot_002,list_slot_002.json,legacy duplicate registration
L転生したらスライムだった件,tensei_slime,tensei_slime.json,list_slot_005,list_slot_005.json,legacy duplicate registration
スマスロ バイオハザード RE:2,bio_re2,bio_re2.json,list_slot_006,list_slot_006.json,legacy duplicate registration
L主役は銭形4,zenigata4,zenigata4.json,list_slot_007,list_slot_007.json,legacy duplicate registration
Lストライクウィッチーズ2,strike_witches2,strike_witches2.json,list_slot_008,list_slot_008.json,legacy duplicate registration
押忍！番長4,bancho4,bancho4.json,list_slot_011,list_slot_011.json,legacy duplicate registration
L東京喰種,tokyo_ghoul,tokyo_ghoul.json,list_slot_014,list_slot_014.json,legacy duplicate registration
Lアズールレーン THE ANIMATION,azure_lane,azure_lane.json,list_slot_015,list_slot_015.json,legacy duplicate registration
Lダーリン・イン・ザ・フランキス,darling_franxx,darling_franxx.json,list_slot_016,list_slot_016.json,legacy duplicate registration
L咲-Saki- 頂上決戦,saki_top,saki_top.json,list_slot_017,list_slot_017.json,legacy duplicate registration
Lうしおととら 白面決戦,ushio_tora,ushio_tora.json,list_slot_018,list_slot_018.json,legacy duplicate registration
Lゴジラ,godzilla,godzilla.json,list_slot_019,list_slot_019.json,legacy duplicate registration
L少女☆歌劇 レヴュースタァライト -The SLOT-,revue_starlight,revue_starlight.json,list_slot_020,list_slot_020.json,legacy duplicate registration
L仮面ライダー電王,kamen_rider_denoh,kamen_rider_denoh.json,list_slot_021,list_slot_021.json,legacy duplicate registration
Lありふれた職業で世界最強,arifureta,arifureta.json,list_slot_022,list_slot_022.json,legacy duplicate registration
Lパチスロ シン・エヴァンゲリオン,shin_eva,shin_eva.json,list_slot_023,list_slot_023.json,legacy duplicate registration
Lにゃんこ大戦争 超神速,nyanko,nyanko.json,list_slot_024,list_slot_024.json,legacy duplicate registration
パチスロ 炎炎ノ消防隊,fire_force,fire_force.json,list_slot_025,list_slot_025.json,legacy duplicate registration
L範馬刃牙,hanma_baki,hanma_baki.json,dmm_slot_019,dmm_slot_019.json,legacy duplicate registration
パチスロ 炎炎ノ消防隊,(keep existing id),fire_force.json,(n/a),enen.json,旧別名ファイル
