file,id,name,schema,bom,manifest_registered,counter_count,reference_count,settings,has_dmm,has_ichigeki,has_ceiling,missing_fields,status,note
bancho4.json,bancho4,押忍！番長4,simple_flat,False,False,0,4,"1,2,3,4,5,6",False,False,False,machine|counterDefinitions|manifest,WARNING,
bio_re2.json,bio_re2,スマスロ バイオハザード RE:2,simple_flat,False,False,0,4,"1,2,3,4,5,6",False,False,False,machine|counterDefinitions|manifest,WARNING,
dmm_slot_001.json,dmm_slot_001,スマスロ BIRDIE WING -Golf Girls' Story-,full_legacy,False,True,5,2,"1,2,3,4,5,6",True,True,False,,OK,
dmm_slot_002.json,dmm_slot_002,スマスロ バイオハザードRE:3,full_legacy,False,True,5,1,"1,2,3,4,5,6",True,True,False,,OK,
dmm_slot_003.json,dmm_slot_003,Ｌタクトオーパス デスティニー,full_legacy,False,True,5,1,"1,2,3,4,5,6",True,True,False,,OK,
dmm_slot_004.json,dmm_slot_004,スマスロ ビッグドリーム THE GOLDEN PUSHER,full_legacy,False,True,5,2,"1,2,3,4,5,6",True,True,False,,OK,
dmm_slot_005.json,dmm_slot_005,スマスロスーパーリオエース2,full_legacy,False,True,5,1,"1,2,3,4,5,6",True,True,False,,OK,
dmm_slot_006.json,dmm_slot_006,LB スロット GALFY,full_legacy,False,True,4,3,"1,2,5,6",True,False,False,ichigekiUrl,WARNING,
dmm_slot_007.json,dmm_slot_007,スマスロ ミリオンゴッド-神々の軌跡-,full_legacy,False,True,5,1,"1,2,3,4,5,6",True,False,False,ichigekiUrl,WARNING,
dmm_slot_008.json,dmm_slot_008,アニマルスロット ドッチ,full_legacy,False,True,4,3,"1,2,3,4,5,6",True,False,False,ichigekiUrl,WARNING,
dmm_slot_009.json,dmm_slot_009,真打 吉宗,full_legacy,False,True,5,2,"1,2,3,4,5,6",True,False,False,ichigekiUrl,WARNING,
dmm_slot_010.json,dmm_slot_010,LBトリプルクラウンセブン,full_legacy,False,True,4,3,"1,2,5,6",True,False,False,ichigekiUrl,WARNING,
dmm_slot_011.json,dmm_slot_011,スマスロヨルムンガンド,full_legacy,False,True,5,2,"1,2,3,4,5,6",True,False,False,ichigekiUrl,WARNING,
dmm_slot_012.json,dmm_slot_012,L虚構推理,full_legacy,False,True,5,2,"1,2,3,4,5,6",True,False,False,ichigekiUrl,WARNING,
dmm_slot_013.json,dmm_slot_013,A-SLOT+ 異世界かるてっと BT,full_legacy,False,True,4,1,"1,2,5,6",True,False,False,ichigekiUrl,WARNING,
dmm_slot_014.json,dmm_slot_014,Lアクダマドライブ,full_legacy,False,True,5,3,"1,2,3,4,5,6",True,False,False,ichigekiUrl,WARNING,
dmm_slot_015.json,dmm_slot_015,スマスロ サンダーV,full_legacy,False,True,6,5,"1,2,5,6",True,True,False,,OK,
dmm_slot_016.json,dmm_slot_016,スマスロ 甲鉄城のカバネリ 海門（うなと）決戦,full_legacy,False,True,3,2,"1,2,3,4,5,6",True,True,False,,OK,
dmm_slot_017.json,dmm_slot_017,スマスロ ハナビ,full_legacy,False,True,5,4,"1,2,5,6",True,True,False,,OK,
dmm_slot_018.json,dmm_slot_018,スマスロ 攻殻機動隊,full_legacy,False,True,3,2,"1,2,3,4,5,6",True,True,False,,OK,
dmm_slot_019.json,dmm_slot_019,L範馬刃牙,full_legacy,False,True,3,2,"1,2,3,4,5,6",True,True,False,,OK,
dmm_slot_020.json,dmm_slot_020,Lパチスロ 炎炎ノ消防隊2,full_legacy,False,True,3,2,"1,2,3,4,5,6",True,True,False,,OK,
dmm_slot_021.json,dmm_slot_021,ミクちゃんとイドムンのミラクルチャレンジ2,full_legacy,False,True,5,4,"1,2,3,4,5,6",True,True,False,,OK,
dmm_slot_022.json,dmm_slot_022,ニューシオサイ,full_legacy,False,True,4,3,"1,2,3,4,5,6",True,True,False,,OK,
dmm_slot_023.json,dmm_slot_023,パチスロ琉神−30 スイカバージョン,full_legacy,False,True,4,3,"1,2,4,5,6",True,True,False,,OK,
dmm_slot_024.json,dmm_slot_024,L リングにかけろ1 V,full_legacy,False,True,4,3,"1,2,3,4,5,6",True,True,True,,OK,
dmm_slot_025.json,dmm_slot_025,Lラブ嬢3〜Wご指名はいかがですか？〜,full_legacy,False,True,3,2,"1,2,3,4,5,6",True,True,False,,OK,
dmm_slot_026.json,dmm_slot_026,L花の慶次～佐渡攻めの章〜,full_legacy,False,True,3,2,"1,2,3,4,5,6",True,True,True,,OK,
dmm_slot_027.json,dmm_slot_027,スマスロモンキーターンV,full_legacy,False,True,2,1,"1,2,4,5,6",True,True,True,,OK,
dmm_slot_028.json,dmm_slot_028,クランキークレスト,full_legacy,False,True,5,4,"1,2,5,6",True,True,False,,OK,
dmm_slot_029.json,dmm_slot_029,マジカルハロウィン８,full_legacy,False,True,5,4,"1,2,3,4,5,6",True,True,False,,OK,
dmm_slot_030.json,dmm_slot_030,推しスロ アイドルVer.,full_legacy,False,True,1,0,,True,True,True,settingReferenceValues,WARNING,
dmm_slot_031.json,dmm_slot_031,パチスロ ケンガンアシュラ,full_legacy,False,True,3,2,"1,2,3,4,5,6",True,True,False,,OK,
dmm_slot_032.json,dmm_slot_032,Sちゅらちゅら,full_legacy,False,True,4,3,"1,2,3,4,5,6",True,False,False,ichigekiUrl,WARNING,
dmm_slot_033.json,dmm_slot_033,L ひぐらしのなく頃に 業,full_legacy,False,True,6,5,"1,2,3,4,5,6",True,True,False,,OK,
dmm_slot_034.json,dmm_slot_034,スマスロとある魔術の禁書目録,full_legacy,False,True,4,3,"1,2,3,4,5,6",True,True,False,,OK,
dmm_slot_035.json,dmm_slot_035,デジスロ JAC INバージョン,full_legacy,False,True,4,3,"1,2,3,4",True,True,False,,OK,
dmm_slot_036.json,dmm_slot_036,L大工の源さん超夢源,full_legacy,False,True,3,2,"1,2,4,5,6",True,True,False,,OK,
dmm_slot_037.json,dmm_slot_037,スマスロ劇場版 魔法少女まどか☆マギカ[前編]始まりの物語／[後編]永遠の物語f-フォルテ-,full_legacy,False,True,4,3,"1,2,3,4,5,6",True,True,False,,OK,
dmm_slot_038.json,dmm_slot_038,パチスロ交響詩篇エウレカセブン HI-EVOLUTION ZERO TYPE-ART,full_legacy,False,True,5,4,"1,2,3,4,5,6",True,True,False,,OK,
dmm_slot_039.json,dmm_slot_039,L エヴァンゲリオン ～未来への創造～,full_legacy,False,True,3,2,"1,2,4,5,6",True,True,False,,OK,
dmm_slot_040.json,dmm_slot_040,スーハナライジング-30,full_legacy,False,True,5,4,"1,2,3,5,6",True,True,False,,OK,
enen.json,enen,パチスロ 炎炎ノ消防隊,simple_flat,False,False,0,4,"1,2,3,4,5,6",False,False,False,machine|counterDefinitions|manifest,WARNING,
funky_juggler_2.json,funky_juggler_2,ファンキージャグラー2,full_legacy,False,True,5,3,"1,2,3,4,5,6",True,True,False,,OK,
goblin_slayer.json,goblin_slayer,Lゴブリンスレイヤー,simple_flat,False,False,0,4,"1,2,3,4,5,6",False,False,False,machine|counterDefinitions|manifest,WARNING,
gogo_juggler_3.json,gogo_juggler_3,ゴーゴージャグラー3,full_legacy,False,True,5,3,"1,2,3,4,5,6",True,True,False,,OK,
happy_juggler_v3.json,happy_juggler_v3,ハッピージャグラーV III,full_legacy,False,True,5,3,"1,2,3,4,5,6",True,True,False,,OK,
hokuto.json,hokuto,L北斗の拳,full_legacy,False,True,8,4,"1,2,3,4,5,6",True,True,True,,OK,
hokuto_tensei_2.json,hokuto_tensei_2,スマスロ 北斗の拳 転生の章2,full_legacy,False,False,5,1,"1,2,3,4,5,6",True,True,True,manifest,WARNING,
im_juggler_ex.json,im_juggler_ex,アイムジャグラーEX,full_legacy,False,True,5,3,"1,2,3,4,5,6",True,True,False,,OK,
kabaneri.json,kabaneri,パチスロ 甲鉄城のカバネリ,full_legacy,False,True,6,3,"1,2,3,4,5,6",True,True,True,,OK,
karakuri.json,,,unknown,True,True,0,0,,False,False,False,unrecognized_schema,WARNING,
karakuri_circus.json,karakuri_circus,Lからくりサーカス,full_legacy,False,True,5,2,"1,2,3,4,5,6",True,True,True,,OK,
list_slot_001.json,list_slot_001,Lゴブリンスレイヤー,full_legacy,False,True,4,3,"1,2,3,4,5,6",True,True,True,,OK,
list_slot_002.json,list_slot_002,L戦国乙女4 戦乱に閃く炯眼の軍師,full_legacy,False,True,4,3,"1,2,3,4,5,6",True,True,True,,OK,
list_slot_003.json,list_slot_003,スマスロ コードギアス反逆のルルーシュ／復活のルルーシュ,full_legacy,False,True,4,3,"1,2,3,4,5,6",True,True,True,,OK,
list_slot_004.json,list_slot_004,パチスロコードギアス 反逆のルルーシュ3 C.C.&Kallen ver.,full_legacy,False,True,4,3,"1,2,3,4,5,6",True,True,False,,OK,
list_slot_005.json,list_slot_005,L転生したらスライムだった件,full_legacy,False,True,5,3,"1,2,4,5,6",True,True,True,,OK,
list_slot_006.json,list_slot_006,スマスロ バイオハザード RE:2,full_legacy,False,True,5,2,"1,2,3,4,5,6",True,True,True,,OK,
list_slot_007.json,list_slot_007,L主役は銭形4,full_legacy,False,True,5,2,"1,2,3,4,5,6",True,True,True,,OK,
list_slot_008.json,list_slot_008,Lストライクウィッチーズ2,full_legacy,False,True,3,2,"1,2,3,4,5,6",True,True,True,,OK,
list_slot_009.json,list_slot_009,L麻雀格闘倶楽部 覚醒,full_legacy,False,True,3,2,"1,2,3,4,5,6",True,True,True,,OK,
list_slot_010.json,list_slot_010,Lベルセルク無双,full_legacy,False,True,3,1,"1,2,4,5,6",True,True,True,,OK,
list_slot_011.json,list_slot_011,押忍！番長4,full_legacy,False,True,4,3,"1,2,3,4,5,6",True,True,True,,OK,
list_slot_012.json,list_slot_012,L南国育ち,full_legacy,False,True,3,2,"1,2,3,5,6",True,False,False,ichigekiUrl,WARNING,
list_slot_013.json,list_slot_013,スマスロ痛いのは嫌なので防御力に極振りしたいと思います。,full_legacy,False,True,5,4,"1,2,3,4,5,6",True,True,False,,OK,
list_slot_014.json,list_slot_014,L東京喰種,full_legacy,False,True,5,4,"1,2,3,4,5,6",True,True,True,,OK,
list_slot_015.json,list_slot_015,Lアズールレーン THE ANIMATION,full_legacy,False,True,6,5,"1,2,3,4,5,6",True,True,False,,OK,
list_slot_016.json,list_slot_016,Lダーリン・イン・ザ・フランキス,full_legacy,False,True,4,3,"1,2,3,4,5,6",True,True,False,,OK,
list_slot_017.json,list_slot_017,L咲-Saki- 頂上決戦,full_legacy,False,True,3,2,"1,2,3,4,5,6",True,True,True,,OK,
list_slot_018.json,list_slot_018,Lうしおととら 白面決戦,full_legacy,False,True,3,2,"1,2,3,4,5,6",True,True,True,,OK,
list_slot_019.json,list_slot_019,Lゴジラ,full_legacy,False,True,5,1,"1,2,3,4,5,6",True,True,True,,OK,
list_slot_020.json,list_slot_020,L少女☆歌劇 レヴュースタァライト -The SLOT-,full_legacy,False,True,5,3,"1,2,4,5,6",True,True,False,,OK,
list_slot_021.json,list_slot_021,L仮面ライダー電王,full_legacy,False,True,5,3,"1,2,4,5,6",True,True,True,,OK,
list_slot_022.json,list_slot_022,Lありふれた職業で世界最強,full_legacy,False,True,5,3,"1,2,3,4,5,6",True,True,True,,OK,
list_slot_023.json,list_slot_023,Lパチスロ シン・エヴァンゲリオン,full_legacy,False,True,5,1,"1,2,3,4,5,6",True,True,True,,OK,
list_slot_024.json,list_slot_024,Lにゃんこ大戦争 超神速,full_legacy,False,True,5,2,"1,2,4,5,6",True,True,True,,OK,
list_slot_025.json,list_slot_025,パチスロ 炎炎ノ消防隊,full_legacy,False,True,4,2,"1,2,4,5,6",True,True,True,,OK,
list_slot_026.json,list_slot_026,EVANGELION FESTIVAL,full_legacy,False,True,5,3,"1,2,3,4,5,6",True,True,True,,OK,
list_slot_027.json,list_slot_027,パチスロ アクエリオン ALL STARS,full_legacy,False,True,3,2,"1,2,4,5,6",True,True,True,,OK,
list_slot_028.json,list_slot_028,パチスロ鉄拳5,full_legacy,False,True,3,2,"1,2,3,4,5,6",True,True,True,,OK,
list_slot_029.json,list_slot_029,パチスロ幼女戦記,full_legacy,False,True,4,3,"1,2,4,5,6",True,True,True,,OK,
list_slot_030.json,list_slot_030,スマスロ シャーマンキング,full_legacy,False,True,3,2,"1,2,3,4,5,6",True,True,True,,OK,
list_slot_031.json,list_slot_031,パチスロ 新鬼武者2,full_legacy,False,True,3,2,"1,2,3,4,5,6",True,True,True,,OK,
list_slot_032.json,list_slot_032,FAIRY TAIL2,full_legacy,False,True,3,2,"1,2,3,4,5,6",True,True,True,,OK,
list_slot_033.json,list_slot_033,ペルソナ5,full_legacy,False,True,3,2,"1,2,3,4,5,6",True,True,True,,OK,
list_slot_034.json,list_slot_034,パチスロ盾の勇者の成り上がり,full_legacy,False,True,5,1,"1,2,3,4,5,6",True,True,True,,OK,
list_slot_035.json,list_slot_035,S BOØWY,full_legacy,False,True,3,1,"1,2,4,5,6",True,True,True,,OK,
list_slot_036.json,list_slot_036,バイオハザード ヴィレッジ,full_legacy,False,True,4,3,"1,2,3,4,5,6",True,True,True,,OK,
list_slot_037.json,list_slot_037,パチスロ ダンジョンに出会いを求めるのは間違っているだろうか2,full_legacy,False,True,6,4,"1,2,3,4,5,6",True,True,True,,OK,
list_slot_038.json,list_slot_038,Re:ゼロから始める異世界生活 season2,full_legacy,False,True,5,1,"1,2,3,4,5,6",True,True,True,,OK,
list_slot_039.json,list_slot_039,この素晴らしい世界に祝福を！,full_legacy,False,True,5,1,"1,2,3,4,5,6",True,True,True,,OK,
list_slot_040.json,list_slot_040,Lルパン三世 大航海者の秘宝,full_legacy,False,True,5,3,"1,2,3,4,5,6",True,True,True,,OK,
list_slot_041.json,list_slot_041,黄門ちゃま天,full_legacy,False,True,5,1,"1,2,3,4,5,6",True,True,True,,OK,
list_slot_042.json,list_slot_042,ニューパルサーSP4,full_legacy,False,True,4,3,"1,2,3,4,5,6",False,True,False,dmmUrl,WARNING,
list_slot_043.json,list_slot_043,ニューパルサーDX3,full_legacy,False,True,4,3,"1,2,3,4,6",False,True,False,dmmUrl,WARNING,
list_slot_044.json,list_slot_044,ハナビ,full_legacy,False,True,5,4,"1,2,5,6",False,True,False,dmmUrl,WARNING,
list_slot_045.json,list_slot_045,バーサスリヴァイズ,full_legacy,False,True,6,5,"1,2,5,6",False,True,False,dmmUrl,WARNING,
list_slot_046.json,list_slot_046,サンダーVライトニング,full_legacy,False,True,3,1,"1,2,5,6",False,True,False,dmmUrl,WARNING,
list_slot_047.json,list_slot_047,アレックス ブライト,full_legacy,False,True,7,6,"1,2,5,6",False,True,False,dmmUrl,WARNING,
list_slot_048.json,list_slot_048,ディスクアップ2,full_legacy,False,True,4,3,"1,2,5,6",False,True,False,dmmUrl,WARNING,
list_slot_049.json,list_slot_049,A-SLOT+ ディスクアップ ULTRAREMIX,full_legacy,False,True,6,5,"1,2,5,6",False,True,False,dmmUrl,WARNING,
list_slot_050.json,list_slot_050,ファミスタ回胴版!!,full_legacy,False,True,4,3,"1,2,5,6",False,True,False,dmmUrl,WARNING,
list_slot_051.json,list_slot_051,沖ドキ！GOLD,full_legacy,False,True,6,3,"1,2,3,5,6",True,True,False,,OK,
list_slot_052.json,list_slot_052,沖ドキ！DUO,full_legacy,False,True,5,1,"1,2,3,4,5,6",True,True,False,,OK,
list_slot_053.json,list_slot_053,スマート沖スロ 沖ドキ！DUO-30 アンコール,full_legacy,False,True,5,1,"1,2,3,5,6",True,True,False,,OK,
list_slot_054.json,list_slot_054,チバリヨ2プラス,full_legacy,False,True,5,1,"1,2,4,5,6",True,True,False,,OK,
list_slot_055.json,list_slot_055,スマート沖スロ スターハナハナ,full_legacy,False,True,5,3,"1,2,3,4,5,6",True,True,False,,OK,
list_slot_056.json,list_slot_056,スマート沖スロ ニューキングハナハナ-30,full_legacy,False,True,5,3,"1,2,3,4,5",True,False,False,ichigekiUrl,WARNING,
list_slot_057.json,list_slot_057,ニューキングハナハナ-30,full_legacy,False,True,5,3,"1,2,3,4,5",True,True,False,,OK,
list_slot_058.json,list_slot_058,ドラゴンハナハナ～閃光～ 30,full_legacy,False,True,5,3,"1,2,3,4,5,6",True,True,False,,OK,
list_slot_059.json,list_slot_059,キングハナハナ-30,full_legacy,False,True,5,3,"1,2,3,4,5,6",True,True,False,,OK,
list_slot_060.json,list_slot_060,ハナハナホウオウ～天翔～-30,full_legacy,False,True,5,3,"1,2,3,4,5,6",True,True,False,,OK,
list_slot_061.json,list_slot_061,麻雀物語,full_legacy,False,True,5,4,"1,2,3,4,5,6",True,True,False,,OK,
list_slot_062.json,list_slot_062,戦姫絶唱シンフォギア 正義の歌,full_legacy,False,True,3,2,"1,2,4,5,6",True,True,False,,OK,
list_slot_063.json,list_slot_063,Lパチスロうみねこのなく頃に2,full_legacy,False,True,5,2,"1,2,3,4,5,6",True,True,True,,OK,
lupin.json,,,unknown,True,True,0,0,,False,False,False,unrecognized_schema,WARNING,
monkey_turn_v.json,monkey_turn_v,スマスロ モンキーターンV,simple_flat,False,False,0,4,"1,2,3,4,5,6",False,False,False,machine|counterDefinitions|manifest,WARNING,
monster_hunter_rise.json,monster_hunter_rise,スマスロ モンスターハンターライズ,full_legacy,False,True,6,5,"1,2,3,4,5,6",True,True,True,,OK,
my_juggler_v.json,my_juggler_v,マイジャグラーV,full_legacy,False,True,5,3,"1,2,3,4,5,6",True,True,False,,OK,
tokyoghoul.json,,,unknown,True,True,0,0,,False,False,False,unrecognized_schema,WARNING,
valvrave.json,valvrave,L革命機ヴァルヴレイヴ,full_legacy,False,True,5,3,"1,2,3,4,5,6",True,True,True,,OK,
valvrave_2.json,valvrave_2,Lパチスロ 革命機ヴァルヴレイヴ2,full_legacy,False,True,5,0,,True,True,True,settingReferenceValues,WARNING,
vvv.json,,,unknown,True,True,0,0,,False,False,False,unrecognized_schema,WARNING,
