file_name,machine_id,machine_name,status,counter_count,setting_reference_count,ceiling_count,has_dmm_url,has_ichigeki_url
arifureta.json,arifureta,Lありふれた職業で世界最強,partial,3,1,0,True,True
azure_lane.json,azure_lane,Lアズールレーン THE ANIMATION,partial,3,1,0,True,True
bancho4.json,bancho4,押忍！番長4,partial,1,0,0,True,True
bio_re2.json,bio_re2,バイオハザードRE:2,partial,5,4,0,False,False
chibariyo2_plus.json,chibariyo2_plus,チバリヨ2プラス,partial,1,0,0,True,True
code_geass_cc_kallen.json,code_geass_cc_kallen,コードギアス 反逆のルルーシュ C.C.&Kallen ver.,partial,3,2,0,True,True
code_geass_fukkatsu.json,code_geass_fukkatsu,コードギアス 復活のルルーシュ,partial,3,2,0,True,True
darling_franxx.json,darling_franxx,Lダーリン・イン・ザ・フランキス,partial,3,1,0,True,True
dmm_slot_001.json,dmm_slot_001,スマスロ BIRDIE WING -Golf Girls' Story-,partial,5,2,0,True,True
dmm_slot_002.json,dmm_slot_002,スマスロ バイオハザードRE:3,partial,5,1,0,True,True
dmm_slot_003.json,dmm_slot_003,Ｌタクトオーパス デスティニー,partial,5,1,0,True,True
dmm_slot_004.json,dmm_slot_004,スマスロ ビッグドリーム THE GOLDEN PUSHER,partial,5,2,0,True,True
dmm_slot_005.json,dmm_slot_005,スマスロスーパーリオエース2,partial,5,1,0,True,True
dmm_slot_006.json,dmm_slot_006,LB スロット GALFY,partial,4,3,0,True,False
dmm_slot_007.json,dmm_slot_007,スマスロ ミリオンゴッド-神々の軌跡-,partial,5,1,0,True,False
dmm_slot_008.json,dmm_slot_008,アニマルスロット ドッチ,partial,4,3,0,True,False
dmm_slot_009.json,dmm_slot_009,真打 吉宗,partial,5,2,0,True,False
dmm_slot_010.json,dmm_slot_010,LBトリプルクラウンセブン,partial,4,3,0,True,False
dmm_slot_011.json,dmm_slot_011,スマスロヨルムンガンド,partial,5,2,0,True,False
dmm_slot_012.json,dmm_slot_012,L虚構推理,partial,5,2,0,True,False
dmm_slot_013.json,dmm_slot_013,A-SLOT+ 異世界かるてっと BT,partial,4,1,0,True,False
dmm_slot_014.json,dmm_slot_014,Lアクダマドライブ,partial,5,3,0,True,False
dmm_slot_015.json,dmm_slot_015,スマスロ サンダーV,partial,6,5,0,True,True
dmm_slot_016.json,dmm_slot_016,スマスロ 甲鉄城のカバネリ 海門（うなと）決戦,partial,3,2,0,True,True
dmm_slot_017.json,dmm_slot_017,スマスロ ハナビ,partial,5,4,0,True,True
dmm_slot_018.json,dmm_slot_018,スマスロ 攻殻機動隊,partial,3,2,0,True,True
dmm_slot_020.json,dmm_slot_020,Lパチスロ 炎炎ノ消防隊2,partial,3,2,0,True,True
dmm_slot_021.json,dmm_slot_021,ミクちゃんとイドムンのミラクルチャレンジ2,partial,5,4,0,True,True
dmm_slot_022.json,dmm_slot_022,ニューシオサイ,partial,4,3,0,True,True
dmm_slot_023.json,dmm_slot_023,パチスロ琉神−30 スイカバージョン,partial,4,3,0,True,True
dmm_slot_024.json,dmm_slot_024,L リングにかけろ1 V,verified,4,3,3,True,True
dmm_slot_025.json,dmm_slot_025,Lラブ嬢3〜Wご指名はいかがですか？〜,partial,3,2,0,True,True
dmm_slot_026.json,dmm_slot_026,L花の慶次～佐渡攻めの章〜,verified,3,2,1,True,True
dmm_slot_027.json,dmm_slot_027,スマスロモンキーターンV,verified,2,1,2,True,True
dmm_slot_028.json,dmm_slot_028,クランキークレスト,partial,5,4,0,True,True
dmm_slot_029.json,dmm_slot_029,マジカルハロウィン８,partial,5,4,0,True,True
dmm_slot_030.json,dmm_slot_030,推しスロ アイドルVer.,partial,1,0,1,True,True
dmm_slot_031.json,dmm_slot_031,パチスロ ケンガンアシュラ,partial,3,2,0,True,True
dmm_slot_032.json,dmm_slot_032,Sちゅらちゅら,partial,4,3,0,True,False
dmm_slot_033.json,dmm_slot_033,L ひぐらしのなく頃に 業,partial,6,5,0,True,True
dmm_slot_034.json,dmm_slot_034,スマスロとある魔術の禁書目録,partial,4,3,0,True,True
dmm_slot_035.json,dmm_slot_035,デジスロ JAC INバージョン,partial,4,3,0,True,True
dmm_slot_036.json,dmm_slot_036,L大工の源さん超夢源,partial,3,2,0,True,True
dmm_slot_037.json,dmm_slot_037,スマスロ劇場版 魔法少女まどか☆マギカ[前編]始まりの物語／[後編]永遠の物語f-フォルテ-,partial,4,3,0,True,True
dmm_slot_038.json,dmm_slot_038,パチスロ交響詩篇エウレカセブン HI-EVOLUTION ZERO TYPE-ART,partial,5,4,0,True,True
dmm_slot_039.json,dmm_slot_039,L エヴァンゲリオン ～未来への創造～,partial,3,2,0,True,True
dmm_slot_040.json,dmm_slot_040,スーハナライジング-30,partial,5,4,0,True,True
dragon_hanahana_30.json,dragon_hanahana_30,ドラゴンハナハナ～閃光～ 30,partial,1,0,0,True,True
eureka_zero.json,eureka_zero,エウレカセブン HI-EVOLUTION ZERO TYPE-ART,partial,3,2,0,True,True
fire_force.json,fire_force,パチスロ 炎炎ノ消防隊,partial,3,2,0,True,True
funky_juggler_2.json,funky_juggler_2,ファンキージャグラー2,partial,5,3,0,True,True
ghost_shell.json,ghost_shell,スマスロ攻殻機動隊,partial,3,2,0,True,True
goblin_slayer.json,goblin_slayer,Lゴブリンスレイヤー,partial,1,0,0,True,True
godzilla.json,godzilla,Lゴジラ,partial,3,1,0,True,True
gogo_juggler_3.json,gogo_juggler_3,ゴーゴージャグラー3,partial,5,3,0,True,True
hanma_baki.json,hanma_baki,L範馬刃牙,partial,3,2,0,True,True
happy_juggler_v3.json,happy_juggler_v3,ハッピージャグラーV III,partial,5,3,0,True,True
hokuto.json,hokuto,L北斗の拳,verified,8,4,2,True,True
hokuto_tensei_2.json,hokuto_tensei_2,スマスロ 北斗の拳 転生の章2,verified,5,1,1,True,True
im_juggler_ex.json,im_juggler_ex,アイムジャグラーEX,partial,5,3,0,True,True
kabaneri.json,kabaneri,甲鉄城のカバネリ,partial,5,0,0,True,True
kabaneri_kaimon.json,kabaneri_kaimon,スマスロ 甲鉄城のカバネリ 海門決戦,partial,3,2,0,True,True
kamen_rider_denoh.json,kamen_rider_denoh,L仮面ライダー電王,partial,3,1,0,True,True
karakuri.json,karakuri,Lからくりサーカス,partial,4,0,0,True,True
karakuri_circus.json,karakuri_circus,Lからくりサーカス,partial,5,0,0,True,True
kengan.json,kengan,Lケンガンアシュラ,partial,3,2,0,True,True
king_hanahana_30.json,king_hanahana_30,キングハナハナ-30,partial,1,0,0,True,True
l_hokuto.json,l_hokuto,L北斗の拳,partial,1,0,0,True,True
list_slot_003.json,list_slot_003,スマスロ コードギアス反逆のルルーシュ／復活のルルーシュ,verified,4,3,1,True,True
list_slot_004.json,list_slot_004,パチスロコードギアス 反逆のルルーシュ3 C.C.&Kallen ver.,partial,4,3,0,True,True
list_slot_009.json,list_slot_009,L麻雀格闘倶楽部 覚醒,verified,3,2,4,True,True
list_slot_010.json,list_slot_010,Lベルセルク無双,verified,3,1,1,True,True
list_slot_012.json,list_slot_012,L南国育ち,partial,3,2,0,True,False
list_slot_013.json,list_slot_013,スマスロ痛いのは嫌なので防御力に極振りしたいと思います。,partial,5,4,0,True,True
list_slot_026.json,list_slot_026,EVANGELION FESTIVAL,verified,5,3,2,True,True
list_slot_027.json,list_slot_027,パチスロ アクエリオン ALL STARS,verified,3,2,2,True,True
list_slot_028.json,list_slot_028,パチスロ鉄拳5,verified,3,2,1,True,True
list_slot_029.json,list_slot_029,パチスロ幼女戦記,verified,4,3,1,True,True
list_slot_030.json,list_slot_030,スマスロ シャーマンキング,verified,3,2,2,True,True
list_slot_031.json,list_slot_031,パチスロ 新鬼武者2,verified,3,2,2,True,True
list_slot_032.json,list_slot_032,FAIRY TAIL2,verified,3,2,1,True,True
list_slot_033.json,list_slot_033,ペルソナ5,verified,3,2,2,True,True
list_slot_034.json,list_slot_034,パチスロ盾の勇者の成り上がり,verified,5,1,2,True,True
list_slot_035.json,list_slot_035,S BOØWY,verified,3,1,1,True,True
list_slot_036.json,list_slot_036,バイオハザード ヴィレッジ,verified,4,3,2,True,True
list_slot_037.json,list_slot_037,パチスロ ダンジョンに出会いを求めるのは間違っているだろうか2,verified,6,4,1,True,True
list_slot_038.json,list_slot_038,Re:ゼロから始める異世界生活 season2,verified,5,1,3,True,True
list_slot_039.json,list_slot_039,この素晴らしい世界に祝福を！,verified,5,1,1,True,True
list_slot_040.json,list_slot_040,Lルパン三世 大航海者の秘宝,verified,5,3,3,True,True
list_slot_041.json,list_slot_041,黄門ちゃま天,verified,5,1,3,True,True
list_slot_042.json,list_slot_042,ニューパルサーSP4,partial,4,3,0,True,True
list_slot_043.json,list_slot_043,ニューパルサーDX3,partial,4,3,0,True,True
list_slot_044.json,list_slot_044,ハナビ,partial,5,4,0,True,True
list_slot_045.json,list_slot_045,バーサスリヴァイズ,partial,6,5,0,True,True
list_slot_046.json,list_slot_046,サンダーVライトニング,partial,3,1,0,True,True
list_slot_047.json,list_slot_047,アレックス ブライト,partial,7,6,0,True,True
list_slot_048.json,list_slot_048,ディスクアップ2,partial,4,3,0,True,True
list_slot_049.json,list_slot_049,A-SLOT+ ディスクアップ ULTRAREMIX,partial,6,5,0,True,True
list_slot_050.json,list_slot_050,ファミスタ回胴版!!,partial,4,3,0,True,True
list_slot_051.json,list_slot_051,沖ドキ！GOLD,partial,6,3,0,True,True
list_slot_052.json,list_slot_052,沖ドキ！DUO,partial,5,1,0,True,True
list_slot_053.json,list_slot_053,スマート沖スロ 沖ドキ！DUO-30 アンコール,partial,5,1,0,True,True
list_slot_054.json,list_slot_054,チバリヨ2プラス,partial,5,1,0,True,True
list_slot_055.json,list_slot_055,スマート沖スロ スターハナハナ,partial,5,3,0,True,True
list_slot_056.json,list_slot_056,スマート沖スロ ニューキングハナハナ-30,partial,5,3,0,True,False
list_slot_057.json,list_slot_057,ニューキングハナハナ-30,partial,5,3,0,True,True
list_slot_058.json,list_slot_058,ドラゴンハナハナ～閃光～ 30,partial,5,3,0,True,True
list_slot_059.json,list_slot_059,キングハナハナ-30,partial,5,3,0,True,True
list_slot_060.json,list_slot_060,ハナハナホウオウ～天翔～-30,partial,5,3,0,True,True
list_slot_061.json,list_slot_061,麻雀物語,partial,5,4,0,True,True
list_slot_062.json,list_slot_062,戦姫絶唱シンフォギア 正義の歌,partial,3,2,0,True,True
list_slot_063.json,list_slot_063,Lパチスロうみねこのなく頃に2,verified,5,2,1,True,True
lovejo3.json,lovejo3,ラブ嬢3～Wご指名はいかがですか？～,partial,3,2,0,True,True
lupin.json,lupin,Lルパン三世 大航海者の秘宝,partial,3,0,0,True,True
machine_master_manifest.json,machine_master_manifest,machine_master_manifest,partial,0,0,0,False,False
madoka_forte.json,madoka_forte,劇場版魔法少女まどか☆マギカ f-フォルテ-,partial,3,1,0,True,True
monkey_turn_v.json,monkey_turn_v,スマスロ モンキーターンV,partial,1,0,0,True,True
monster_hunter_rise.json,monster_hunter_rise,スマスロ モンスターハンターライズ,verified,6,5,2,True,True
my_juggler_v.json,my_juggler_v,マイジャグラーV,partial,5,3,0,True,True
nyanko.json,nyanko,Lにゃんこ大戦争 超神速,partial,3,2,0,True,True
oki_doki_duo.json,oki_doki_duo,沖ドキ！DUO,partial,1,0,0,True,True
oki_doki_gold.json,oki_doki_gold,沖ドキ！GOLD,partial,1,0,0,True,True
revue_starlight.json,revue_starlight,L少女☆歌劇 レヴュースタァライト -The SLOT-,partial,3,1,0,True,True
ring_v.json,ring_v,Lリングにかけろ1 V,partial,3,2,0,True,True
saki_top.json,saki_top,L咲-Saki- 頂上決戦,partial,3,1,0,True,True
sengoku_otome4.json,sengoku_otome4,L戦国乙女4 戦乱に閃く炯眼の軍師,partial,3,2,0,True,True
shin_eva.json,shin_eva,Lパチスロ シン・エヴァンゲリオン,partial,3,2,0,True,True
strike_witches2.json,strike_witches2,Lストライクウィッチーズ2,partial,3,2,0,True,True
tensei_slime.json,tensei_slime,L転生したらスライムだった件,partial,3,2,0,True,True
toaru.json,toaru,スマスロ とある魔術の禁書目録,partial,3,2,0,True,True
tokyo_ghoul.json,tokyo_ghoul,L東京喰種,partial,3,1,0,True,True
tokyoghoul.json,tokyoghoul,L東京喰種,partial,4,0,0,True,True
ushio_tora.json,ushio_tora,Lうしおととら 白面決戦,partial,3,1,0,True,True
valvrave.json,valvrave,L革命機ヴァルヴレイヴ,partial,5,0,0,True,True
valvrave_2.json,valvrave_2,Lパチスロ 革命機ヴァルヴレイヴ2,partial,5,0,4,True,True
vvv.json,vvv,L革命機ヴァルヴレイヴ,partial,3,0,0,True,True
zenigata4.json,zenigata4,L主役は銭形4,partial,3,2,0,True,True
