file_name,machine_id,machine_name,action,details_created
arifureta.json,arifureta,Lありふれた職業で世界最強,normalized_to_legacy_full,yes
azure_lane.json,azure_lane,Lアズールレーン THE ANIMATION,normalized_to_legacy_full,yes
bancho4.json,bancho4,押忍！番長4,normalized_to_legacy_full,yes
bio_re2.json,bio_re2,スマスロ バイオハザード RE:2,normalized_to_legacy_full,yes
chibariyo2_plus.json,chibariyo2_plus,chibariyo2_plus,normalized_to_legacy_full,yes
code_geass_cc_kallen.json,code_geass_cc_kallen,コードギアス 反逆のルルーシュ C.C.&Kallen ver.,normalized_to_legacy_full,yes
code_geass_fukkatsu.json,code_geass_fukkatsu,コードギアス 復活のルルーシュ,normalized_to_legacy_full,yes
darling_franxx.json,darling_franxx,Lダーリン・イン・ザ・フランキス,normalized_to_legacy_full,yes
dragon_hanahana_30.json,dragon_hanahana_30,dragon_hanahana_30,normalized_to_legacy_full,yes
eureka_zero.json,eureka_zero,エウレカセブン HI-EVOLUTION ZERO TYPE-ART,normalized_to_legacy_full,yes
fire_force.json,fire_force,パチスロ 炎炎ノ消防隊,normalized_to_legacy_full,yes
ghost_shell.json,ghost_shell,スマスロ攻殻機動隊,normalized_to_legacy_full,yes
goblin_slayer.json,goblin_slayer,Lゴブリンスレイヤー,normalized_to_legacy_full,yes
godzilla.json,godzilla,Lゴジラ,normalized_to_legacy_full,yes
hanma_baki.json,hanma_baki,L範馬刃牙,normalized_to_legacy_full,yes
kabaneri.json,kabaneri,パチスロ 甲鉄城のカバネリ,normalized_to_legacy_full,yes
kabaneri_kaimon.json,kabaneri_kaimon,スマスロ 甲鉄城のカバネリ 海門決戦,normalized_to_legacy_full,yes
kamen_rider_denoh.json,kamen_rider_denoh,L仮面ライダー電王,normalized_to_legacy_full,yes
karakuri.json,karakuri,からくりサーカス,normalized_to_legacy_full,yes
karakuri_circus.json,karakuri_circus,Lからくりサーカス,normalized_to_legacy_full,yes
kengan.json,kengan,Lケンガンアシュラ,normalized_to_legacy_full,yes
king_hanahana_30.json,king_hanahana_30,king_hanahana_30,normalized_to_legacy_full,yes
l_hokuto.json,l_hokuto,l_hokuto,normalized_to_legacy_full,yes
lovejo3.json,lovejo3,ラブ嬢3～Wご指名はいかがですか？～,normalized_to_legacy_full,yes
lupin.json,lupin,ルパン三世 大航海者,normalized_to_legacy_full,yes
madoka_forte.json,madoka_forte,劇場版魔法少女まどか☆マギカ f-フォルテ-,normalized_to_legacy_full,yes
monkey_turn_v.json,monkey_turn_v,スマスロ モンキーターンV,normalized_to_legacy_full,yes
nyanko.json,nyanko,Lにゃんこ大戦争 超神速,normalized_to_legacy_full,yes
oki_doki_duo.json,oki_doki_duo,oki_doki_duo,normalized_to_legacy_full,yes
oki_doki_gold.json,oki_doki_gold,oki_doki_gold,normalized_to_legacy_full,yes
revue_starlight.json,revue_starlight,L少女☆歌劇 レヴュースタァライト -The SLOT-,normalized_to_legacy_full,yes
ring_v.json,ring_v,Lリングにかけろ1 V,normalized_to_legacy_full,yes
saki_top.json,saki_top,L咲-Saki- 頂上決戦,normalized_to_legacy_full,yes
sengoku_otome4.json,sengoku_otome4,L戦国乙女4 戦乱に閃く炯眼の軍師,normalized_to_legacy_full,yes
shin_eva.json,shin_eva,Lパチスロ シン・エヴァンゲリオン,normalized_to_legacy_full,yes
strike_witches2.json,strike_witches2,Lストライクウィッチーズ2,normalized_to_legacy_full,yes
tensei_slime.json,tensei_slime,L転生したらスライムだった件,normalized_to_legacy_full,yes
toaru.json,toaru,スマスロ とある魔術の禁書目録,normalized_to_legacy_full,yes
tokyo_ghoul.json,tokyo_ghoul,L東京喰種,normalized_to_legacy_full,yes
tokyoghoul.json,tokyoghoul,東京喰種,normalized_to_legacy_full,yes
ushio_tora.json,ushio_tora,Lうしおととら 白面決戦,normalized_to_legacy_full,yes
valvrave.json,valvrave,L革命機ヴァルヴレイヴ,normalized_to_legacy_full,yes
vvv.json,vvv,革命機ヴァルヴレイヴ,normalized_to_legacy_full,yes
zenigata4.json,zenigata4,L主役は銭形4,normalized_to_legacy_full,yes
