id,name,manufacturer,type,releaseDate,dmmUrl,ichigekiUrl,counterCount,referenceCount,ceilingCount,status,changed
list_slot_049,A-SLOT+ ディスクアップ ULTRAREMIX,Sammy,BONUS,2025-01-20,https://p-town.dmm.com/machines/4702,https://1geki.jp/slot/l_discup_ur/,6,5,0,verified,yes
dmm_slot_013,A-SLOT+ 異世界かるてっと BT,GINZA,BONUS,2026-04-06,https://p-town.dmm.com/machines/4965,,4,1,0,verified,yes
list_slot_026,EVANGELION FESTIVAL,ビスティ,AT,2020-03-02,https://p-town.dmm.com/machines/3642,https://1geki.jp/slot/s_eva_fes/,5,3,2,verified,yes
list_slot_032,FAIRY TAIL2,藤商事,AT,2022-08-01,https://p-town.dmm.com/machines/4191,https://1geki.jp/slot/s_fairytail2/,3,2,1,verified,yes
dmm_slot_033,L ひぐらしのなく頃に 業,,HYBRID,,https://p-town.dmm.com/machines/4447,https://1geki.jp/slot/l_higurashi_gou/,6,5,0,partial,yes
dmm_slot_039,L エヴァンゲリオン ～未来への創造～,,AT,,https://p-town.dmm.com/machines/4414,https://1geki.jp/slot/l_evasloasu/,3,2,0,partial,yes
dmm_slot_024,L リングにかけろ1 V,,AT,,https://p-town.dmm.com/machines/4460,https://1geki.jp/slot/l_rinkake1v/,4,3,3,partial,yes
dmm_slot_006,LB スロット GALFY,オーイズミ,BONUS,2026-06-08,https://p-town.dmm.com/machines/4992,,4,3,0,verified,yes
dmm_slot_010,LBトリプルクラウンセブン,岡崎産業,BONUS,2026-04-06,https://p-town.dmm.com/machines/4986,,4,3,0,verified,yes
arifureta,Lありふれた職業で世界最強,SANKYO,AT,2025-02-03,https://p-town.dmm.com/machines/4715,https://1geki.jp,3,1,2,verified,yes
ushio_tora,Lうしおととら 白面決戦,Daiichi,AT,2025-04-07,https://p-town.dmm.com/machines/4776,https://1geki.jp,3,1,1,verified,yes
karakuri_circus,Lからくりサーカス,SANKYO,AT,2023-07-03,https://p-town.dmm.com/machines/4360,https://1geki.jp/slot/l_karakuricircus/,5,0,3,partial,yes
nyanko,Lにゃんこ大戦争 超神速,京楽,AT,2025-01-20,https://p-town.dmm.com,https://1geki.jp,3,2,3,verified,yes
dmm_slot_014,Lアクダマドライブ,SanThree,AT,2026-04-06,https://p-town.dmm.com/machines/4956,,5,3,0,partial,yes
azure_lane,Lアズールレーン THE ANIMATION,京楽,AT,2025-08-04,https://p-town.dmm.com/machines/4847,https://1geki.jp,3,1,3,verified,yes
kengan,Lケンガンアシュラ,,AT,,https://p-town.dmm.com,https://1geki.jp,3,2,0,partial,yes
godzilla,Lゴジラ,ニューギン,AT,2025-04-07,https://p-town.dmm.com,https://1geki.jp,3,1,4,verified,yes
goblin_slayer,Lゴブリンスレイヤー,,,,,,5,0,0,partial,yes
strike_witches2,Lストライクウィッチーズ2,サンスリー,AT,2024-02-05,https://p-town.dmm.com/machines/4490,https://1geki.jp,3,2,2,verified,yes
darling_franxx,Lダーリン・イン・ザ・フランキス,スパイキー,AT,2025-08-04,https://p-town.dmm.com/machines/4855,https://1geki.jp,3,1,2,verified,yes
shin_eva,Lパチスロ シン・エヴァンゲリオン,ビスティ,AT,2025-01-20,https://p-town.dmm.com,https://1geki.jp,3,2,1,verified,yes
dmm_slot_020,Lパチスロ 炎炎ノ消防隊2,,AT,,https://p-town.dmm.com/machines/4926,https://1geki.jp/slot/l_ennenn2/,3,2,0,partial,yes
valvrave_2,Lパチスロ 革命機ヴァルヴレイヴ2,SANKYO,AT,2025-11-04,https://p-town.dmm.com/machines/4885,https://1geki.jp/slot/l_valvrave2/,5,0,4,partial,yes
list_slot_063,Lパチスロうみねこのなく頃に2,オーイズミ,AT,2026-02-02,https://p-town.dmm.com/machines/4925,https://1geki.jp/slot/l_umineko2/,5,2,1,verified,yes
list_slot_010,Lベルセルク無双,EXCITE,AT,2023-06-05,https://p-town.dmm.com/machines/4367,https://1geki.jp/slot/l_berserkmuso/,3,1,1,verified,yes
dmm_slot_025,Lラブ嬢3〜Wご指名はいかがですか？〜,,AT,,https://p-town.dmm.com/machines/4458,https://1geki.jp/slot/l_lovejou3/,3,2,0,partial,yes
ring_v,Lリングにかけろ1 V,,AT,,https://p-town.dmm.com,https://1geki.jp,3,2,3,partial,yes
list_slot_040,Lルパン三世 大航海者の秘宝,平和,AT,2024-12-02,https://p-town.dmm.com/machines/4689,https://1geki.jp/slot/l_lupin_totgn/,5,3,3,verified,yes
zenigata4,L主役は銭形4,オリンピア,AT,2023-05-08,https://p-town.dmm.com/machines/4335,https://1geki.jp,3,2,1,verified,yes
kamen_rider_denoh,L仮面ライダー電王,京楽,AT,2025-03-03,https://p-town.dmm.com/machines/4756,https://1geki.jp,3,1,1,verified,yes
hokuto,L北斗の拳,サミー,AT,2023-04-03,https://p-town.dmm.com/machines/4301,https://1geki.jp/slot/l_hokutonoken/,8,4,2,verified,yes
list_slot_012,L南国育ち,オリンピアエステート,AT,2024-03-04,https://p-town.dmm.com/machines/4512,,3,2,0,partial,yes
saki_top,L咲-Saki- 頂上決戦,三洋,AT,2025-08-04,https://p-town.dmm.com,https://1geki.jp,3,1,3,verified,yes
dmm_slot_036,L大工の源さん超夢源,,AT,,https://p-town.dmm.com/machines/4428,https://1geki.jp/slot/l_d_gensantyomugen/,3,2,0,partial,yes
revue_starlight,L少女☆歌劇 レヴュースタァライト -The SLOT-,オーイズミ,AT,2025-03-03,https://p-town.dmm.com,https://1geki.jp,3,1,0,partial,yes
sengoku_otome4,L戦国乙女4 戦乱に閃く炯眼の軍師,オリンピアエステート,AT,2023-09-04,https://p-town.dmm.com/machines/4395,https://1geki.jp,3,2,2,verified,yes
tokyo_ghoul,L東京喰種,スパイキー,AT,2025-02-03,https://p-town.dmm.com/machines/4742,https://1geki.jp,3,1,2,verified,yes
hanma_baki,L範馬刃牙,オリンピア,AT,2026-02-02,https://p-town.dmm.com/machines/4941,https://1geki.jp,3,2,1,verified,yes
dmm_slot_026,L花の慶次～佐渡攻めの章〜,EXCITE,AT,2023-12-04,https://p-town.dmm.com/machines/4456,https://1geki.jp/slot/l_keiji_sado/,3,2,1,verified,yes
dmm_slot_012,L虚構推理,D-light,AT,2026-04-06,https://p-town.dmm.com/machines/4973,,5,2,0,partial,yes
tensei_slime,L転生したらスライムだった件,山佐,AT,2023-10-02,https://p-town.dmm.com/machines/4405,https://1geki.jp,3,2,1,verified,yes
valvrave,L革命機ヴァルヴレイヴ,SANKYO,AT,2022-11-21,https://p-town.dmm.com/machines/4244,https://1geki.jp/slot/s_valvrave/,5,2,4,verified,yes
list_slot_009,L麻雀格闘倶楽部 覚醒,コナミアミューズメント,AT,2023-09-19,https://p-town.dmm.com/machines/4401,https://1geki.jp/slot/s_mfckakusei/,3,2,4,verified,yes
list_slot_038,Re:ゼロから始める異世界生活 season2,パオン・ディーピー,AT,2024-10-21,https://p-town.dmm.com/machines/4658,https://1geki.jp/slot/l_rezero_season2/,5,1,3,verified,yes
list_slot_035,S BOØWY,D-light,AT,2022-09-20,https://p-town.dmm.com/machines/4196,https://1geki.jp/slot/s_boowy/,3,1,1,verified,yes
dmm_slot_032,Sちゅらちゅら,,BONUS,,https://p-town.dmm.com/machines/4486,,4,3,0,partial,yes
chibariyo2_plus,chibariyo2_plus,,,,,,4,0,0,partial,yes
dragon_hanahana_30,dragon_hanahana_30,,,,,,4,0,0,partial,yes
king_hanahana_30,king_hanahana_30,,,,,,4,0,0,partial,yes
l_hokuto,l_hokuto,サミー,AT,2023-04-03,https://p-town.dmm.com/machines/4301,https://1geki.jp/slot/l_hokutonoken/,5,4,2,verified,yes
oki_doki_duo,oki_doki_duo,,,,,,4,0,0,partial,yes
oki_doki_gold,oki_doki_gold,,,,,,4,0,0,partial,yes
karakuri,からくりサーカス,SANKYO,AT,2023-07-03,https://p-town.dmm.com/machines/4360,https://1geki.jp/slot/l_karakuricircus/,1,0,3,partial,yes
list_slot_039,この素晴らしい世界に祝福を！,サミー,AT,2022-04-04,https://p-town.dmm.com/machines/4097,https://1geki.jp/slot/s_konosuba/,5,1,1,verified,yes
im_juggler_ex,アイムジャグラーEX,Kita Denshi,BONUS,2025-01-01,https://p-town.dmm.com/machines/4316,https://1geki.jp/slot/s_ij_ex_6/,5,3,0,verified,yes
dmm_slot_008,アニマルスロット ドッチ,北電子,BONUS,2026-04-20,https://p-town.dmm.com/machines/4964,,4,3,0,verified,yes
list_slot_047,アレックス ブライト,UNIVERSAL BROS.,BONUS,2025-09-01,https://p-town.dmm.com/machines/4799,https://1geki.jp/slot/lb_arexbright/,7,6,0,verified,yes
eureka_zero,エウレカセブン HI-EVOLUTION ZERO TYPE-ART,,ART,,https://p-town.dmm.com,https://1geki.jp,3,2,0,partial,yes
list_slot_059,キングハナハナ-30,PIONEER,BONUS,2023-03-20,https://p-town.dmm.com/machines/4311,https://1geki.jp/slot/s_kinghanahana2023/,5,3,0,verified,yes
dmm_slot_028,クランキークレスト,,BONUS,,https://p-town.dmm.com/machines/4449,https://1geki.jp/slot/s_crankycrest/,5,4,0,partial,yes
code_geass_cc_kallen,コードギアス 反逆のルルーシュ C.C.&Kallen ver.,サミー,AT,2023-06-05,https://p-town.dmm.com/machines/4342,https://1geki.jp,3,2,0,partial,yes
code_geass_fukkatsu,コードギアス 復活のルルーシュ,サミー,AT,2024-02-05,https://p-town.dmm.com/machines/4477,https://1geki.jp,3,2,0,partial,yes
gogo_juggler_3,ゴーゴージャグラー3,Kita Denshi,BONUS,2025-01-01,https://p-town.dmm.com/machines/4782,https://1geki.jp/slot/s_gogojuggler3/,5,3,0,verified,yes
list_slot_046,サンダーVライトニング,ACROSS,BONUS,2020-02-03,https://p-town.dmm.com/machines/3647,https://1geki.jp/slot/s_thunderv_lg/,3,1,0,verified,yes
dmm_slot_001,スマスロ BIRDIE WING -Golf Girls' Story-,UNIVERSAL BROS.,AT,2026-06-08,https://p-town.dmm.com/machines/4996,https://1geki.jp/slot/l_birdie/,5,2,0,partial,yes
toaru,スマスロ とある魔術の禁書目録,,AT,,https://p-town.dmm.com,https://1geki.jp,3,2,0,partial,yes
list_slot_003,スマスロ コードギアス反逆のルルーシュ／復活のルルーシュ,Sammy,AT,2024-02-05,https://p-town.dmm.com/machines/4477,https://1geki.jp/slot/l_codegeass/,4,3,1,verified,yes
dmm_slot_015,スマスロ サンダーV,ELECO,BONUS,2026-03-02,https://p-town.dmm.com/machines/4943,https://1geki.jp/slot/l_thunder_v/,6,5,0,verified,yes
list_slot_030,スマスロ シャーマンキング,Eleco,AT,2025-02-03,https://p-town.dmm.com/machines/4719,https://1geki.jp/slot/l_shamanking/,3,2,2,verified,yes
dmm_slot_017,スマスロ ハナビ,アクロス,BONUS,2026-02-02,https://p-town.dmm.com/machines/4928,https://1geki.jp/slot/l_hanabi/,5,4,0,verified,yes
bio_re2,スマスロ バイオハザード RE:2,アデリオン,AT,2022-10-03,https://p-town.dmm.com/machines/4217,,5,4,2,verified,yes
dmm_slot_002,スマスロ バイオハザードRE:3,Enterrise,AT,2026-05-11,https://p-town.dmm.com/machines/4974,https://1geki.jp/slot/s_bh7/,5,1,0,partial,yes
dmm_slot_004,スマスロ ビッグドリーム THE GOLDEN PUSHER,Sammy,AT,2026-05-11,https://p-town.dmm.com/machines/4981,https://1geki.jp/slot/syllabary/6/,5,2,0,partial,yes
dmm_slot_007,スマスロ ミリオンゴッド-神々の軌跡-,ミズホ,AT,2026-04-20,https://p-town.dmm.com/machines/4961,,5,1,0,partial,yes
monkey_turn_v,スマスロ モンキーターンV,山佐,AT,2023-12-04,https://p-town.dmm.com/machines/4450,https://1geki.jp/slot/l_monkeyturn5/,5,1,2,verified,yes
monster_hunter_rise,スマスロ モンスターハンターライズ,エンターライズ,AT,2024-11-18,https://p-town.dmm.com/machines/4676,https://1geki.jp/slot/l_mh_rize/,6,5,2,verified,yes
hokuto_tensei_2,スマスロ 北斗の拳 転生の章2,サミー,AT,2026-01-05,https://p-town.dmm.com/machines/4909,https://1geki.jp/slot/l_hokuto_tensei2/,5,1,1,verified,yes
dmm_slot_018,スマスロ 攻殻機動隊,,AT,,https://p-town.dmm.com/machines/4931,https://1geki.jp/slot/l_kokaku/,3,2,0,partial,yes
kabaneri_kaimon,スマスロ 甲鉄城のカバネリ 海門決戦,,AT,,https://p-town.dmm.com,https://1geki.jp,3,2,0,partial,yes
dmm_slot_016,スマスロ 甲鉄城のカバネリ 海門（うなと）決戦,,AT,,https://p-town.dmm.com/machines/4930,https://1geki.jp/slot/l_kabaneri2/,3,2,0,partial,yes
dmm_slot_034,スマスロとある魔術の禁書目録,,AT,,https://p-town.dmm.com/machines/4445,https://1geki.jp/slot/l_toaru_index/,4,3,0,partial,yes
dmm_slot_005,スマスロスーパーリオエース2,YAMASA NEXT,HYBRID,2026-05-11,https://p-town.dmm.com/machines/4984,https://1geki.jp/slot/s_sp_rioace/,5,1,0,partial,yes
dmm_slot_027,スマスロモンキーターンV,山佐,AT,2023-12-04,https://p-town.dmm.com/machines/4450,https://1geki.jp/slot/l_monkeyturn5/,2,1,2,verified,yes
dmm_slot_011,スマスロヨルムンガンド,YAMASA NEXT,AT,2026-04-06,https://p-town.dmm.com/machines/4970,,5,2,0,partial,yes
dmm_slot_037,スマスロ劇場版 魔法少女まどか☆マギカ[前編]始まりの物語／[後編]永遠の物語f-フォルテ-,,AT,,https://p-town.dmm.com/machines/4420,https://1geki.jp/slot/l_madomagimov_forte/,4,3,0,partial,yes
ghost_shell,スマスロ攻殻機動隊,,AT,,https://p-town.dmm.com,https://1geki.jp,3,2,0,partial,yes
list_slot_013,スマスロ痛いのは嫌なので防御力に極振りしたいと思います。,サミー,AT,2024-06-03,https://p-town.dmm.com/machines/4566,https://1geki.jp/slot/l_bofuri/,5,4,0,partial,yes
list_slot_055,スマート沖スロ スターハナハナ,PIONEER,BONUS,2025-01-06,https://p-town.dmm.com/machines/4680,https://1geki.jp/slot/l_starhnhn30/0/,5,3,0,verified,yes
list_slot_056,スマート沖スロ ニューキングハナハナ-30,PIONEER,BONUS,2026-01-05,https://p-town.dmm.com/machines/4911,https://1geki.jp/slot/s_new_king_hanahana_v30/,5,3,0,verified,yes
list_slot_053,スマート沖スロ 沖ドキ！DUO-30 アンコール,MACY,AT,2025-12-22,https://p-town.dmm.com/machines/4906,https://1geki.jp/slot/l_okidoki_duo_encore/0/,5,1,0,partial,yes
dmm_slot_040,スーハナライジング-30,,BONUS,,https://p-town.dmm.com/machines/4409,https://1geki.jp/slot/s_suhana_rising30/,5,4,0,partial,yes
list_slot_054,チバリヨ2プラス,NET,AT,2025-01-06,https://p-town.dmm.com/machines/4717,https://1geki.jp/slot/l_cbry2_plus/,5,1,0,partial,yes
list_slot_048,ディスクアップ2,Sammy,BONUS,2022-01-24,https://p-town.dmm.com/machines/4043,https://1geki.jp/slot/s_discup2/,4,3,0,verified,yes
dmm_slot_035,デジスロ JAC INバージョン,,BONUS,,https://p-town.dmm.com/machines/4433,https://1geki.jp/slot/s_digislo_jacin/,4,3,0,partial,yes
list_slot_058,ドラゴンハナハナ～閃光～ 30,PIONEER,BONUS,2023-12-18,https://p-town.dmm.com/machines/4453,https://1geki.jp/slot/s_drahana_senko30/0/,5,3,0,verified,yes
list_slot_057,ニューキングハナハナ-30,PIONEER,BONUS,2026-01-05,https://p-town.dmm.com/machines/4912,https://1geki.jp/slot/s_new_king_hanahana_v30/,5,3,0,verified,yes
dmm_slot_022,ニューシオサイ,,BONUS,,https://p-town.dmm.com/machines/4476,https://1geki.jp/slot/s_newsiosai_sa/,4,3,0,partial,yes
list_slot_043,ニューパルサーDX3,YAMASA NEXT,BONUS,2021-10-04,https://p-town.dmm.com/machines/3953,https://1geki.jp/slot/s_newpal_dx3/,4,3,0,verified,yes
list_slot_042,ニューパルサーSP4,SEVEN LEAGUE,BONUS,2024-05-07,https://p-town.dmm.com/machines/4550,https://1geki.jp/slot/s_newpulsar_with_tt/,4,3,0,verified,yes
dmm_slot_038,パチスロ交響詩篇エウレカセブン HI-EVOLUTION ZERO TYPE-ART,,ART,,https://p-town.dmm.com/machines/4419,https://1geki.jp/slot/s_eurekahievo_art/,5,4,0,partial,yes
happy_juggler_v3,ハッピージャグラーV III,Kita Denshi,BONUS,2025-01-01,https://p-town.dmm.com/machines/4656,https://1geki.jp/slot/s_happyjuggler8/,5,3,0,verified,yes
list_slot_060,ハナハナホウオウ～天翔～-30,PIONEER,BONUS,2022-01-24,https://p-town.dmm.com/machines/4013,https://1geki.jp/slot/s_hanahana_houoh_tensho30/,5,3,0,verified,yes
list_slot_044,ハナビ,ACROSS,BONUS,2021-07-05,https://p-town.dmm.com/machines/2042,https://1geki.jp/slot/s_shinhanabi/,5,4,0,verified,yes
list_slot_036,バイオハザード ヴィレッジ,アデリオン,AT,2024-01-09,https://p-town.dmm.com/machines/4459,https://1geki.jp/slot/l_biovillage/,4,3,2,verified,yes
list_slot_045,バーサスリヴァイズ,ELECO,BONUS,2022-01-11,https://p-town.dmm.com/machines/4033,https://1geki.jp/slot/s_versus_rexse/,6,5,0,verified,yes
list_slot_027,パチスロ アクエリオン ALL STARS,SANKYO,AT,2022-07-04,https://p-town.dmm.com/machines/4156,https://1geki.jp/slot/s_aguarion_allstars/,3,2,2,verified,yes
dmm_slot_031,パチスロ ケンガンアシュラ,,AT,,https://p-town.dmm.com/machines/4434,https://1geki.jp/slot/l_kengan_ashura/,3,2,0,partial,yes
list_slot_037,パチスロ ダンジョンに出会いを求めるのは間違っているだろうか2,北電子,AT,2024-04-22,https://p-town.dmm.com/machines/4556,https://1geki.jp/slot/s_danmachi2/,6,4,1,verified,yes
list_slot_031,パチスロ 新鬼武者2,Enterrise,AT,2022-08-08,https://p-town.dmm.com/machines/4178,https://1geki.jp/slot/s_sinnoni2/,3,2,2,verified,yes
fire_force,パチスロ 炎炎ノ消防隊,SANKYO,AT,2023-05-08,https://p-town.dmm.com/machines/4326,https://1geki.jp,3,2,2,verified,yes
kabaneri,パチスロ 甲鉄城のカバネリ,サミー,AT,2022-07-04,https://p-town.dmm.com/machines/4160,https://1geki.jp/slot/s_kabaneri/,5,0,3,partial,yes
list_slot_004,パチスロコードギアス 反逆のルルーシュ3 C.C.&Kallen ver.,Sammy,AT,2023-06-05,https://p-town.dmm.com/machines/4342,https://1geki.jp/slot/s_codegeass3cc/,4,3,0,partial,yes
list_slot_029,パチスロ幼女戦記,Sammy,AT,2022-12-05,https://p-town.dmm.com/machines/4241,https://1geki.jp/slot/s_yojo_senki/,4,3,1,verified,yes
dmm_slot_023,パチスロ琉神−30 スイカバージョン,,BONUS,,https://p-town.dmm.com/machines/4468,https://1geki.jp/slot/s_ryujin30/,4,3,0,partial,yes
list_slot_034,パチスロ盾の勇者の成り上がり,Sammy,AT,2023-02-20,https://p-town.dmm.com/machines/4292,https://1geki.jp/slot/s_tat_yu/,5,1,2,verified,yes
list_slot_028,パチスロ鉄拳5,YAMASA,AT,2022-07-19,https://p-town.dmm.com/machines/4162,https://1geki.jp/slot/s_tekken5/,3,2,1,verified,yes
list_slot_050,ファミスタ回胴版!!,UNIVERSAL BROS.,BONUS,2023-09-04,https://p-town.dmm.com/machines/4393,https://1geki.jp/slot/s_famista_kaido/,4,3,0,verified,yes
funky_juggler_2,ファンキージャグラー2,Kita Denshi,BONUS,2025-01-01,https://p-town.dmm.com/machines/4388,https://1geki.jp/slot/s_funkyjuggler2/,5,3,0,verified,yes
list_slot_033,ペルソナ5,サミー,AT,2022-09-05,https://p-town.dmm.com/machines/4193,https://1geki.jp/slot/s_persona5/,3,2,2,verified,yes
my_juggler_v,マイジャグラーV,Kita Denshi,BONUS,2025-01-01,https://p-town.dmm.com/machines/4204,https://1geki.jp/slot/s_mj5/,5,3,0,verified,yes
dmm_slot_029,マジカルハロウィン８,,HYBRID,,https://p-town.dmm.com/machines/4423,https://1geki.jp/slot/l_magicalhalloween8/,5,4,0,partial,yes
dmm_slot_021,ミクちゃんとイドムンのミラクルチャレンジ2,,BONUS,,https://p-town.dmm.com/machines/4471,https://1geki.jp/slot/s_mikuido2chal/,5,4,0,partial,yes
lovejo3,ラブ嬢3～Wご指名はいかがですか？～,,AT,,https://p-town.dmm.com,https://1geki.jp,3,2,0,partial,yes
lupin,ルパン三世 大航海者,平和,AT,2024-12-02,https://p-town.dmm.com/machines/4689,https://1geki.jp/slot/l_lupin_totgn/,1,3,3,verified,yes
madoka_forte,劇場版魔法少女まどか☆マギカ f-フォルテ-,,AT,,https://p-town.dmm.com,https://1geki.jp,3,1,0,partial,yes
list_slot_062,戦姫絶唱シンフォギア 正義の歌,SANKYO,AT,2024-09-02,https://p-town.dmm.com/machines/4579,https://1geki.jp/slot/l_sympho/,3,2,0,partial,yes
bancho4,押忍！番長4,大都技研,AT,2024-04-22,https://p-town.dmm.com/machines/4553,,5,1,3,verified,yes
dmm_slot_030,推しスロ アイドルVer.,タツミコーポレーション,BONUS,2023-12-01,https://p-town.dmm.com/machines/4455,https://1geki.jp/slot/s_oshisloaid/,1,0,1,partial,yes
tokyoghoul,東京喰種,スパイキー,AT,2025-02-03,https://p-town.dmm.com/machines/4742,https://1geki.jp,1,1,2,verified,yes
list_slot_052,沖ドキ！DUO,ACROSS,AT,2021-12-20,https://p-town.dmm.com/machines/4031,https://1geki.jp/slot/s_okidoki_duo_25/,5,1,0,partial,yes
list_slot_051,沖ドキ！GOLD,UNIVERSAL BROS.,AT,2022-12-19,https://p-town.dmm.com/machines/4258,https://1geki.jp/slot/s_okidoki_gold/,6,3,0,partial,yes
dmm_slot_009,真打 吉宗,大都技研,AT,2026-04-06,https://p-town.dmm.com/machines/4983,,5,2,0,partial,yes
vvv,革命機ヴァルヴレイヴ,SANKYO,AT,2022-11-21,https://p-town.dmm.com/machines/4244,https://1geki.jp/slot/s_valvrave/,1,2,4,verified,yes
list_slot_061,麻雀物語,オリンピアエステート,AT,2025-04-21,https://p-town.dmm.com/specials/4159,https://1geki.jp/slot/l_mjnmngtr/,5,4,3,verified,yes
list_slot_041,黄門ちゃま天,オリンピア,AT,2024-09-02,https://p-town.dmm.com/machines/4609,https://1geki.jp/slot/l_komonchama_ten/,5,1,3,verified,yes
dmm_slot_003,Ｌタクトオーパス デスティニー,HEIWA,AT,2026-05-11,https://p-town.dmm.com/machines/5000,https://1geki.jp/slot/syllabary/4/,5,1,0,partial,yes
