file_name,machine_id,machine_name,converted_from_legacy,counter_count,reference_group_count,ceiling_count,has_dmm_url,has_ichigeki_url,status
arifureta.json,arifureta,Lありふれた職業で世界最強,TRUE,3,1,0,TRUE,TRUE,available
azure_lane.json,azure_lane,Lアズールレーン THE ANIMATION,TRUE,3,1,0,TRUE,TRUE,available
bancho4.json,bancho4,押忍！番長4,TRUE,5,0,0,FALSE,FALSE,available
bio_re2.json,bio_re2,スマスロ バイオハザード RE:2,TRUE,5,4,0,FALSE,FALSE,available
chibariyo2_plus.json,chibariyo2_plus,chibariyo2_plus,TRUE,4,0,0,FALSE,FALSE,partial
code_geass_cc_kallen.json,code_geass_cc_kallen,コードギアス 反逆のルルーシュ C.C.&Kallen ver.,TRUE,3,2,0,TRUE,TRUE,partial
code_geass_fukkatsu.json,code_geass_fukkatsu,コードギアス 復活のルルーシュ,TRUE,3,2,0,TRUE,TRUE,partial
darling_franxx.json,darling_franxx,Lダーリン・イン・ザ・フランキス,TRUE,3,1,0,TRUE,TRUE,available
dmm_slot_001.json,dmm_slot_001,スマスロ BIRDIE WING -Golf Girls' Story-,FALSE,5,2,0,TRUE,TRUE,verified
dmm_slot_002.json,dmm_slot_002,スマスロ バイオハザードRE:3,FALSE,5,1,0,TRUE,TRUE,partial
dmm_slot_003.json,dmm_slot_003,Ｌタクトオーパス デスティニー,FALSE,5,1,0,TRUE,TRUE,draft
dmm_slot_004.json,dmm_slot_004,スマスロ ビッグドリーム THE GOLDEN PUSHER,FALSE,5,2,0,TRUE,TRUE,draft
dmm_slot_005.json,dmm_slot_005,スマスロスーパーリオエース2,FALSE,5,1,0,TRUE,TRUE,draft
dmm_slot_006.json,dmm_slot_006,LB スロット GALFY,FALSE,4,3,0,TRUE,FALSE,partial
dmm_slot_007.json,dmm_slot_007,スマスロ ミリオンゴッド-神々の軌跡-,FALSE,5,1,0,TRUE,FALSE,partial
dmm_slot_008.json,dmm_slot_008,アニマルスロット ドッチ,FALSE,4,3,0,TRUE,FALSE,partial
dmm_slot_009.json,dmm_slot_009,真打 吉宗,FALSE,5,2,0,TRUE,FALSE,partial
dmm_slot_010.json,dmm_slot_010,LBトリプルクラウンセブン,FALSE,4,3,0,TRUE,FALSE,partial
dmm_slot_011.json,dmm_slot_011,スマスロヨルムンガンド,FALSE,5,2,0,TRUE,FALSE,partial
dmm_slot_012.json,dmm_slot_012,L虚構推理,FALSE,5,2,0,TRUE,FALSE,partial
dmm_slot_013.json,dmm_slot_013,A-SLOT+ 異世界かるてっと BT,FALSE,4,1,0,TRUE,FALSE,partial
dmm_slot_014.json,dmm_slot_014,Lアクダマドライブ,FALSE,5,3,0,TRUE,FALSE,partial
dmm_slot_015.json,dmm_slot_015,スマスロ サンダーV,FALSE,6,5,0,TRUE,TRUE,partial
dmm_slot_016.json,dmm_slot_016,スマスロ 甲鉄城のカバネリ 海門（うなと）決戦,FALSE,3,2,0,TRUE,TRUE,verified
dmm_slot_017.json,dmm_slot_017,スマスロ ハナビ,FALSE,5,4,0,TRUE,TRUE,partial
dmm_slot_018.json,dmm_slot_018,スマスロ 攻殻機動隊,FALSE,3,2,0,TRUE,TRUE,draft
dmm_slot_020.json,dmm_slot_020,Lパチスロ 炎炎ノ消防隊2,FALSE,3,2,0,TRUE,TRUE,partial
dmm_slot_021.json,dmm_slot_021,ミクちゃんとイドムンのミラクルチャレンジ2,FALSE,5,4,0,TRUE,TRUE,draft
dmm_slot_022.json,dmm_slot_022,ニューシオサイ,FALSE,4,3,0,TRUE,TRUE,draft
dmm_slot_023.json,dmm_slot_023,パチスロ琉神−30 スイカバージョン,FALSE,4,3,0,TRUE,TRUE,draft
dmm_slot_024.json,dmm_slot_024,L リングにかけろ1 V,FALSE,4,3,3,TRUE,TRUE,partial
dmm_slot_025.json,dmm_slot_025,Lラブ嬢3〜Wご指名はいかがですか？〜,FALSE,3,2,0,TRUE,TRUE,draft
dmm_slot_026.json,dmm_slot_026,L花の慶次～佐渡攻めの章〜,FALSE,3,2,1,TRUE,TRUE,partial
dmm_slot_027.json,dmm_slot_027,スマスロモンキーターンV,FALSE,2,1,2,TRUE,TRUE,verified
dmm_slot_028.json,dmm_slot_028,クランキークレスト,FALSE,5,4,0,TRUE,TRUE,draft
dmm_slot_029.json,dmm_slot_029,マジカルハロウィン８,FALSE,5,4,0,TRUE,TRUE,draft
dmm_slot_030.json,dmm_slot_030,推しスロ アイドルVer.,FALSE,1,0,1,TRUE,TRUE,draft
dmm_slot_031.json,dmm_slot_031,パチスロ ケンガンアシュラ,FALSE,3,2,0,TRUE,TRUE,draft
dmm_slot_032.json,dmm_slot_032,Sちゅらちゅら,FALSE,4,3,0,TRUE,FALSE,draft
dmm_slot_033.json,dmm_slot_033,L ひぐらしのなく頃に 業,FALSE,6,5,0,TRUE,TRUE,draft
dmm_slot_034.json,dmm_slot_034,スマスロとある魔術の禁書目録,FALSE,4,3,0,TRUE,TRUE,draft
dmm_slot_035.json,dmm_slot_035,デジスロ JAC INバージョン,FALSE,4,3,0,TRUE,TRUE,draft
dmm_slot_036.json,dmm_slot_036,L大工の源さん超夢源,FALSE,3,2,0,TRUE,TRUE,draft
dmm_slot_037.json,dmm_slot_037,スマスロ劇場版 魔法少女まどか☆マギカ[前編]始まりの物語／[後編]永遠の物語f-フォルテ-,FALSE,4,3,0,TRUE,TRUE,draft
dmm_slot_038.json,dmm_slot_038,パチスロ交響詩篇エウレカセブン HI-EVOLUTION ZERO TYPE-ART,FALSE,5,4,0,TRUE,TRUE,draft
dmm_slot_039.json,dmm_slot_039,L エヴァンゲリオン ～未来への創造～,FALSE,3,2,0,TRUE,TRUE,draft
dmm_slot_040.json,dmm_slot_040,スーハナライジング-30,FALSE,5,4,0,TRUE,TRUE,draft
dragon_hanahana_30.json,dragon_hanahana_30,dragon_hanahana_30,TRUE,4,0,0,FALSE,FALSE,partial
eureka_zero.json,eureka_zero,エウレカセブン HI-EVOLUTION ZERO TYPE-ART,TRUE,3,2,0,TRUE,TRUE,partial
fire_force.json,fire_force,パチスロ 炎炎ノ消防隊,TRUE,3,2,0,TRUE,TRUE,available
funky_juggler_2.json,funky_juggler_2,ファンキージャグラー2,FALSE,5,3,0,TRUE,TRUE,partial
ghost_shell.json,ghost_shell,スマスロ攻殻機動隊,TRUE,3,2,0,TRUE,TRUE,partial
goblin_slayer.json,goblin_slayer,Lゴブリンスレイヤー,TRUE,5,0,0,FALSE,FALSE,available
godzilla.json,godzilla,Lゴジラ,TRUE,3,1,0,TRUE,TRUE,available
gogo_juggler_3.json,gogo_juggler_3,ゴーゴージャグラー3,FALSE,5,3,0,TRUE,TRUE,partial
hanma_baki.json,hanma_baki,L範馬刃牙,TRUE,3,2,0,TRUE,TRUE,available
happy_juggler_v3.json,happy_juggler_v3,ハッピージャグラーV III,FALSE,5,3,0,TRUE,TRUE,partial
hokuto.json,hokuto,L北斗の拳,FALSE,8,4,2,TRUE,TRUE,partial
hokuto_tensei_2.json,hokuto_tensei_2,スマスロ 北斗の拳 転生の章2,FALSE,5,1,1,TRUE,TRUE,partial
im_juggler_ex.json,im_juggler_ex,アイムジャグラーEX,FALSE,5,3,0,TRUE,TRUE,partial
kabaneri.json,kabaneri,パチスロ 甲鉄城のカバネリ,TRUE,5,0,3,TRUE,TRUE,partial
kabaneri_kaimon.json,kabaneri_kaimon,スマスロ 甲鉄城のカバネリ 海門決戦,TRUE,3,2,0,TRUE,TRUE,partial
kamen_rider_denoh.json,kamen_rider_denoh,L仮面ライダー電王,TRUE,3,1,0,TRUE,TRUE,available
karakuri.json,karakuri,からくりサーカス,TRUE,1,0,0,FALSE,FALSE,partial
karakuri_circus.json,karakuri_circus,Lからくりサーカス,TRUE,5,0,3,TRUE,TRUE,partial
kengan.json,kengan,Lケンガンアシュラ,TRUE,3,2,0,TRUE,TRUE,partial
king_hanahana_30.json,king_hanahana_30,king_hanahana_30,TRUE,4,0,0,FALSE,FALSE,partial
l_hokuto.json,l_hokuto,l_hokuto,TRUE,5,0,0,FALSE,FALSE,partial
list_slot_003.json,list_slot_003,スマスロ コードギアス反逆のルルーシュ／復活のルルーシュ,FALSE,4,3,1,TRUE,TRUE,partial
list_slot_004.json,list_slot_004,パチスロコードギアス 反逆のルルーシュ3 C.C.&Kallen ver.,FALSE,4,3,0,TRUE,TRUE,partial
list_slot_009.json,list_slot_009,L麻雀格闘倶楽部 覚醒,FALSE,3,2,4,TRUE,TRUE,partial
list_slot_010.json,list_slot_010,Lベルセルク無双,FALSE,3,1,1,TRUE,TRUE,partial
list_slot_012.json,list_slot_012,L南国育ち,FALSE,3,2,0,TRUE,FALSE,draft
list_slot_013.json,list_slot_013,スマスロ痛いのは嫌なので防御力に極振りしたいと思います。,FALSE,5,4,0,TRUE,TRUE,draft
list_slot_026.json,list_slot_026,EVANGELION FESTIVAL,FALSE,5,3,2,TRUE,TRUE,draft
list_slot_027.json,list_slot_027,パチスロ アクエリオン ALL STARS,FALSE,3,2,2,TRUE,TRUE,partial
list_slot_028.json,list_slot_028,パチスロ鉄拳5,FALSE,3,2,1,TRUE,TRUE,partial
list_slot_029.json,list_slot_029,パチスロ幼女戦記,FALSE,4,3,1,TRUE,TRUE,partial
list_slot_030.json,list_slot_030,スマスロ シャーマンキング,FALSE,3,2,2,TRUE,TRUE,partial
list_slot_031.json,list_slot_031,パチスロ 新鬼武者2,FALSE,3,2,2,TRUE,TRUE,partial
list_slot_032.json,list_slot_032,FAIRY TAIL2,FALSE,3,2,1,TRUE,TRUE,draft
list_slot_033.json,list_slot_033,ペルソナ5,FALSE,3,2,2,TRUE,TRUE,draft
list_slot_034.json,list_slot_034,パチスロ盾の勇者の成り上がり,FALSE,5,1,2,TRUE,TRUE,draft
list_slot_035.json,list_slot_035,S BOØWY,FALSE,3,1,1,TRUE,TRUE,draft
list_slot_036.json,list_slot_036,バイオハザード ヴィレッジ,FALSE,4,3,2,TRUE,TRUE,draft
list_slot_037.json,list_slot_037,パチスロ ダンジョンに出会いを求めるのは間違っているだろうか2,FALSE,6,4,1,TRUE,TRUE,draft
list_slot_038.json,list_slot_038,Re:ゼロから始める異世界生活 season2,FALSE,5,1,3,TRUE,TRUE,draft
list_slot_039.json,list_slot_039,この素晴らしい世界に祝福を！,FALSE,5,1,1,TRUE,TRUE,draft
list_slot_040.json,list_slot_040,Lルパン三世 大航海者の秘宝,FALSE,5,3,3,TRUE,TRUE,draft
list_slot_041.json,list_slot_041,黄門ちゃま天,FALSE,5,1,3,TRUE,TRUE,draft
list_slot_042.json,list_slot_042,ニューパルサーSP4,FALSE,4,3,0,TRUE,TRUE,partial
list_slot_043.json,list_slot_043,ニューパルサーDX3,FALSE,4,3,0,TRUE,TRUE,partial
list_slot_044.json,list_slot_044,ハナビ,FALSE,5,4,0,TRUE,TRUE,partial
list_slot_045.json,list_slot_045,バーサスリヴァイズ,FALSE,6,5,0,TRUE,TRUE,partial
list_slot_046.json,list_slot_046,サンダーVライトニング,FALSE,3,1,0,TRUE,TRUE,partial
list_slot_047.json,list_slot_047,アレックス ブライト,FALSE,7,6,0,TRUE,TRUE,partial
list_slot_048.json,list_slot_048,ディスクアップ2,FALSE,4,3,0,TRUE,TRUE,partial
list_slot_049.json,list_slot_049,A-SLOT+ ディスクアップ ULTRAREMIX,FALSE,6,5,0,TRUE,TRUE,partial
list_slot_050.json,list_slot_050,ファミスタ回胴版!!,FALSE,4,3,0,TRUE,TRUE,partial
list_slot_051.json,list_slot_051,沖ドキ！GOLD,FALSE,6,3,0,TRUE,TRUE,partial
list_slot_052.json,list_slot_052,沖ドキ！DUO,FALSE,5,1,0,TRUE,TRUE,partial
list_slot_053.json,list_slot_053,スマート沖スロ 沖ドキ！DUO-30 アンコール,FALSE,5,1,0,TRUE,TRUE,partial
list_slot_054.json,list_slot_054,チバリヨ2プラス,FALSE,5,1,0,TRUE,TRUE,partial
list_slot_055.json,list_slot_055,スマート沖スロ スターハナハナ,FALSE,5,3,0,TRUE,TRUE,partial
list_slot_056.json,list_slot_056,スマート沖スロ ニューキングハナハナ-30,FALSE,5,3,0,TRUE,FALSE,partial
list_slot_057.json,list_slot_057,ニューキングハナハナ-30,FALSE,5,3,0,TRUE,TRUE,partial
list_slot_058.json,list_slot_058,ドラゴンハナハナ～閃光～ 30,FALSE,5,3,0,TRUE,TRUE,partial
list_slot_059.json,list_slot_059,キングハナハナ-30,FALSE,5,3,0,TRUE,TRUE,partial
list_slot_060.json,list_slot_060,ハナハナホウオウ～天翔～-30,FALSE,5,3,0,TRUE,TRUE,partial
list_slot_061.json,list_slot_061,麻雀物語,FALSE,5,4,0,TRUE,TRUE,partial
list_slot_062.json,list_slot_062,戦姫絶唱シンフォギア 正義の歌,FALSE,3,2,0,TRUE,TRUE,partial
list_slot_063.json,list_slot_063,Lパチスロうみねこのなく頃に2,FALSE,5,2,1,TRUE,TRUE,draft
lovejo3.json,lovejo3,ラブ嬢3～Wご指名はいかがですか？～,TRUE,3,2,0,TRUE,TRUE,partial
lupin.json,lupin,ルパン三世 大航海者,TRUE,1,0,0,FALSE,FALSE,partial
madoka_forte.json,madoka_forte,劇場版魔法少女まどか☆マギカ f-フォルテ-,TRUE,3,1,0,TRUE,TRUE,partial
monkey_turn_v.json,monkey_turn_v,スマスロ モンキーターンV,TRUE,5,0,0,FALSE,FALSE,partial
monster_hunter_rise.json,monster_hunter_rise,スマスロ モンスターハンターライズ,FALSE,6,5,2,TRUE,TRUE,partial
my_juggler_v.json,my_juggler_v,マイジャグラーV,FALSE,5,3,0,TRUE,TRUE,partial
nyanko.json,nyanko,Lにゃんこ大戦争 超神速,TRUE,3,2,0,TRUE,TRUE,available
oki_doki_duo.json,oki_doki_duo,oki_doki_duo,TRUE,4,0,0,FALSE,FALSE,partial
oki_doki_gold.json,oki_doki_gold,oki_doki_gold,TRUE,4,0,0,FALSE,FALSE,partial
revue_starlight.json,revue_starlight,L少女☆歌劇 レヴュースタァライト -The SLOT-,TRUE,3,1,0,TRUE,TRUE,available
ring_v.json,ring_v,Lリングにかけろ1 V,TRUE,3,2,0,TRUE,TRUE,partial
saki_top.json,saki_top,L咲-Saki- 頂上決戦,TRUE,3,1,0,TRUE,TRUE,available
sengoku_otome4.json,sengoku_otome4,L戦国乙女4 戦乱に閃く炯眼の軍師,TRUE,3,2,0,TRUE,TRUE,available
shin_eva.json,shin_eva,Lパチスロ シン・エヴァンゲリオン,TRUE,3,2,0,TRUE,TRUE,available
strike_witches2.json,strike_witches2,Lストライクウィッチーズ2,TRUE,3,2,0,TRUE,TRUE,available
tensei_slime.json,tensei_slime,L転生したらスライムだった件,TRUE,3,2,0,TRUE,TRUE,available
toaru.json,toaru,スマスロ とある魔術の禁書目録,TRUE,3,2,0,TRUE,TRUE,partial
tokyo_ghoul.json,tokyo_ghoul,L東京喰種,TRUE,3,1,0,TRUE,TRUE,available
tokyoghoul.json,tokyoghoul,東京喰種,TRUE,1,0,0,FALSE,FALSE,partial
ushio_tora.json,ushio_tora,Lうしおととら 白面決戦,TRUE,3,1,0,TRUE,TRUE,available
valvrave.json,valvrave,L革命機ヴァルヴレイヴ,TRUE,5,0,4,TRUE,TRUE,partial
valvrave_2.json,valvrave_2,Lパチスロ 革命機ヴァルヴレイヴ2,FALSE,5,0,4,TRUE,TRUE,partial
vvv.json,vvv,革命機ヴァルヴレイヴ,TRUE,1,0,0,FALSE,FALSE,partial
zenigata4.json,zenigata4,L主役は銭形4,TRUE,3,2,0,TRUE,TRUE,available
