fileName,machineId,machineName,originKind,status,counterCount,referenceGroupCount,ceilingCount,hadLegacySchema
arifureta.json,arifureta,Lありふれた職業で世界最強,legacy_inference,available,3,1,0,True
azure_lane.json,azure_lane,Lアズールレーン THE ANIMATION,legacy_inference,available,3,1,0,True
bancho4.json,bancho4,押忍！番長4,legacy_indicators,available,5,0,0,True
bio_re2.json,bio_re2,バイオハザードRE:2,legacy_reference_values,available,1,0,0,True
chibariyo2_plus.json,chibariyo2_plus,chibariyo2_plus,legacy_indicators,draft,4,0,0,True
code_geass_cc_kallen.json,code_geass_cc_kallen,コードギアス 反逆のルルーシュ C.C.&Kallen ver.,legacy_inference,partial,3,2,0,True
code_geass_fukkatsu.json,code_geass_fukkatsu,コードギアス 復活のルルーシュ,legacy_inference,partial,3,2,0,True
darling_franxx.json,darling_franxx,Lダーリン・イン・ザ・フランキス,legacy_inference,available,3,1,0,True
dmm_slot_001.json,dmm_slot_001,スマスロ BIRDIE WING -Golf Girls' Story-,full,verified,5,2,0,False
dmm_slot_002.json,dmm_slot_002,スマスロ バイオハザードRE:3,full,partial,5,1,0,False
dmm_slot_003.json,dmm_slot_003,Ｌタクトオーパス デスティニー,full,draft,5,1,0,False
dmm_slot_004.json,dmm_slot_004,スマスロ ビッグドリーム THE GOLDEN PUSHER,full,draft,5,2,0,False
dmm_slot_005.json,dmm_slot_005,スマスロスーパーリオエース2,full,draft,5,1,0,False
dmm_slot_006.json,dmm_slot_006,LB スロット GALFY,full,partial,4,3,0,False
dmm_slot_007.json,dmm_slot_007,スマスロ ミリオンゴッド-神々の軌跡-,full,partial,5,1,0,False
dmm_slot_008.json,dmm_slot_008,アニマルスロット ドッチ,full,partial,4,3,0,False
dmm_slot_009.json,dmm_slot_009,真打 吉宗,full,partial,5,2,0,False
dmm_slot_010.json,dmm_slot_010,LBトリプルクラウンセブン,full,partial,4,3,0,False
dmm_slot_011.json,dmm_slot_011,スマスロヨルムンガンド,full,partial,5,2,0,False
dmm_slot_012.json,dmm_slot_012,L虚構推理,full,partial,5,2,0,False
dmm_slot_013.json,dmm_slot_013,A-SLOT+ 異世界かるてっと BT,full,partial,4,1,0,False
dmm_slot_014.json,dmm_slot_014,Lアクダマドライブ,full,partial,5,3,0,False
dmm_slot_015.json,dmm_slot_015,スマスロ サンダーV,full,partial,6,5,0,False
dmm_slot_016.json,dmm_slot_016,スマスロ 甲鉄城のカバネリ 海門（うなと）決戦,full,verified,3,2,0,False
dmm_slot_017.json,dmm_slot_017,スマスロ ハナビ,full,partial,5,4,0,False
dmm_slot_018.json,dmm_slot_018,スマスロ 攻殻機動隊,full,draft,3,2,0,False
dmm_slot_020.json,dmm_slot_020,Lパチスロ 炎炎ノ消防隊2,full,partial,3,2,0,False
dmm_slot_021.json,dmm_slot_021,ミクちゃんとイドムンのミラクルチャレンジ2,full,draft,5,4,0,False
dmm_slot_022.json,dmm_slot_022,ニューシオサイ,full,draft,4,3,0,False
dmm_slot_023.json,dmm_slot_023,パチスロ琉神−30 スイカバージョン,full,draft,4,3,0,False
dmm_slot_024.json,dmm_slot_024,L リングにかけろ1 V,full,partial,4,3,3,False
dmm_slot_025.json,dmm_slot_025,Lラブ嬢3〜Wご指名はいかがですか？〜,full,draft,3,2,0,False
dmm_slot_026.json,dmm_slot_026,L花の慶次～佐渡攻めの章〜,full,partial,3,2,1,False
dmm_slot_027.json,dmm_slot_027,スマスロモンキーターンV,full,verified,2,1,2,False
dmm_slot_028.json,dmm_slot_028,クランキークレスト,full,draft,5,4,0,False
dmm_slot_029.json,dmm_slot_029,マジカルハロウィン８,full,draft,5,4,0,False
dmm_slot_030.json,dmm_slot_030,推しスロ アイドルVer.,full,draft,1,0,0,False
dmm_slot_031.json,dmm_slot_031,パチスロ ケンガンアシュラ,full,draft,3,2,0,False
dmm_slot_032.json,dmm_slot_032,Sちゅらちゅら,full,draft,4,3,0,False
dmm_slot_033.json,dmm_slot_033,L ひぐらしのなく頃に 業,full,draft,6,5,0,False
dmm_slot_034.json,dmm_slot_034,スマスロとある魔術の禁書目録,full,draft,4,3,0,False
dmm_slot_035.json,dmm_slot_035,デジスロ JAC INバージョン,full,draft,4,3,0,False
dmm_slot_036.json,dmm_slot_036,L大工の源さん超夢源,full,draft,3,2,0,False
dmm_slot_037.json,dmm_slot_037,スマスロ劇場版 魔法少女まどか☆マギカ[前編]始まりの物語／[後編]永遠の物語f-フォルテ-,full,draft,4,3,0,False
dmm_slot_038.json,dmm_slot_038,パチスロ交響詩篇エウレカセブン HI-EVOLUTION ZERO TYPE-ART,full,draft,5,4,0,False
dmm_slot_039.json,dmm_slot_039,L エヴァンゲリオン ～未来への創造～,full,draft,3,2,0,False
dmm_slot_040.json,dmm_slot_040,スーハナライジング-30,full,draft,5,4,0,False
dragon_hanahana_30.json,dragon_hanahana_30,dragon_hanahana_30,legacy_indicators,draft,4,0,0,True
eureka_zero.json,eureka_zero,エウレカセブン HI-EVOLUTION ZERO TYPE-ART,legacy_inference,partial,3,2,0,True
fire_force.json,fire_force,パチスロ 炎炎ノ消防隊,legacy_inference,available,3,2,0,True
funky_juggler_2.json,funky_juggler_2,ファンキージャグラー2,full,partial,5,3,0,False
ghost_shell.json,ghost_shell,スマスロ攻殻機動隊,legacy_inference,partial,3,2,0,True
goblin_slayer.json,goblin_slayer,goblin_slayer,legacy_indicators,available,5,0,0,True
godzilla.json,godzilla,Lゴジラ,legacy_inference,available,3,1,0,True
gogo_juggler_3.json,gogo_juggler_3,ゴーゴージャグラー3,full,partial,5,3,0,False
hanma_baki.json,hanma_baki,L範馬刃牙,legacy_inference,available,3,2,0,True
happy_juggler_v3.json,happy_juggler_v3,ハッピージャグラーV III,full,partial,5,3,0,False
hokuto.json,hokuto,L北斗の拳,full,partial,8,4,2,False
hokuto_tensei_2.json,hokuto_tensei_2,スマスロ 北斗の拳 転生の章2,full,partial,5,1,1,False
im_juggler_ex.json,im_juggler_ex,アイムジャグラーEX,full,partial,5,3,0,False
kabaneri.json,kabaneri,kabaneri,legacy_indicators,draft,5,0,0,True
kabaneri_kaimon.json,kabaneri_kaimon,スマスロ 甲鉄城のカバネリ 海門決戦,legacy_inference,partial,3,2,0,True
kamen_rider_denoh.json,kamen_rider_denoh,L仮面ライダー電王,legacy_inference,available,3,1,0,True
karakuri.json,karakuri,からくりサーカス,legacy_notes_only,draft,1,0,0,True
karakuri_circus.json,karakuri_circus,karakuri_circus,legacy_indicators,draft,5,0,0,True
kengan.json,kengan,Lケンガンアシュラ,legacy_inference,partial,3,2,0,True
king_hanahana_30.json,king_hanahana_30,king_hanahana_30,legacy_indicators,draft,4,0,0,True
l_hokuto.json,l_hokuto,l_hokuto,legacy_indicators,draft,5,0,0,True
list_slot_003.json,list_slot_003,スマスロ コードギアス反逆のルルーシュ／復活のルルーシュ,full,partial,4,3,1,False
list_slot_004.json,list_slot_004,パチスロコードギアス 反逆のルルーシュ3 C.C.&Kallen ver.,full,partial,4,3,0,False
list_slot_009.json,list_slot_009,L麻雀格闘倶楽部 覚醒,full,partial,3,2,4,False
list_slot_010.json,list_slot_010,Lベルセルク無双,full,partial,3,1,1,False
list_slot_012.json,list_slot_012,L南国育ち,full,draft,3,2,0,False
list_slot_013.json,list_slot_013,スマスロ痛いのは嫌なので防御力に極振りしたいと思います。,full,draft,5,4,0,False
list_slot_026.json,list_slot_026,EVANGELION FESTIVAL,full,draft,5,3,0,False
list_slot_027.json,list_slot_027,パチスロ アクエリオン ALL STARS,full,partial,3,2,2,False
list_slot_028.json,list_slot_028,パチスロ鉄拳5,full,partial,3,2,1,False
list_slot_029.json,list_slot_029,パチスロ幼女戦記,full,partial,4,3,1,False
list_slot_030.json,list_slot_030,スマスロ シャーマンキング,full,partial,3,2,2,False
list_slot_031.json,list_slot_031,パチスロ 新鬼武者2,full,partial,3,2,2,False
list_slot_032.json,list_slot_032,FAIRY TAIL2,full,draft,3,2,1,False
list_slot_033.json,list_slot_033,ペルソナ5,full,draft,3,2,2,False
list_slot_034.json,list_slot_034,パチスロ盾の勇者の成り上がり,full,draft,5,1,2,False
list_slot_035.json,list_slot_035,S BOØWY,full,draft,3,1,1,False
list_slot_036.json,list_slot_036,バイオハザード ヴィレッジ,full,draft,4,3,2,False
list_slot_037.json,list_slot_037,パチスロ ダンジョンに出会いを求めるのは間違っているだろうか2,full,draft,6,4,1,False
list_slot_038.json,list_slot_038,Re:ゼロから始める異世界生活 season2,full,draft,5,1,3,False
list_slot_039.json,list_slot_039,この素晴らしい世界に祝福を！,full,draft,5,1,1,False
list_slot_040.json,list_slot_040,Lルパン三世 大航海者の秘宝,full,draft,5,3,3,False
list_slot_041.json,list_slot_041,黄門ちゃま天,full,draft,5,1,3,False
list_slot_042.json,list_slot_042,ニューパルサーSP4,full,partial,4,3,0,False
list_slot_043.json,list_slot_043,ニューパルサーDX3,full,partial,4,3,0,False
list_slot_044.json,list_slot_044,ハナビ,full,partial,5,4,0,False
list_slot_045.json,list_slot_045,バーサスリヴァイズ,full,partial,6,5,0,False
list_slot_046.json,list_slot_046,サンダーVライトニング,full,partial,3,1,0,False
list_slot_047.json,list_slot_047,アレックス ブライト,full,partial,7,6,0,False
list_slot_048.json,list_slot_048,ディスクアップ2,full,partial,4,3,0,False
list_slot_049.json,list_slot_049,A-SLOT+ ディスクアップ ULTRAREMIX,full,partial,6,5,0,False
list_slot_050.json,list_slot_050,ファミスタ回胴版!!,full,partial,4,3,0,False
list_slot_051.json,list_slot_051,沖ドキ！GOLD,full,partial,6,3,0,False
list_slot_052.json,list_slot_052,沖ドキ！DUO,full,partial,5,1,0,False
list_slot_053.json,list_slot_053,スマート沖スロ 沖ドキ！DUO-30 アンコール,full,partial,5,1,0,False
list_slot_054.json,list_slot_054,チバリヨ2プラス,full,partial,5,1,0,False
list_slot_055.json,list_slot_055,スマート沖スロ スターハナハナ,full,partial,5,3,0,False
list_slot_056.json,list_slot_056,スマート沖スロ ニューキングハナハナ-30,full,partial,5,3,0,False
list_slot_057.json,list_slot_057,ニューキングハナハナ-30,full,partial,5,3,0,False
list_slot_058.json,list_slot_058,ドラゴンハナハナ～閃光～ 30,full,partial,5,3,0,False
list_slot_059.json,list_slot_059,キングハナハナ-30,full,partial,5,3,0,False
list_slot_060.json,list_slot_060,ハナハナホウオウ～天翔～-30,full,partial,5,3,0,False
list_slot_061.json,list_slot_061,麻雀物語,full,partial,5,4,0,False
list_slot_062.json,list_slot_062,戦姫絶唱シンフォギア 正義の歌,full,partial,3,2,0,False
list_slot_063.json,list_slot_063,Lパチスロうみねこのなく頃に2,full,draft,5,2,1,False
lovejo3.json,lovejo3,ラブ嬢3～Wご指名はいかがですか？～,legacy_inference,partial,3,2,0,True
lupin.json,lupin,ルパン三世 大航海者,legacy_notes_only,draft,1,0,0,True
madoka_forte.json,madoka_forte,劇場版魔法少女まどか☆マギカ f-フォルテ-,legacy_inference,partial,3,1,0,True
monkey_turn_v.json,monkey_turn_v,monkey_turn_v,legacy_indicators,draft,5,0,0,True
monster_hunter_rise.json,monster_hunter_rise,スマスロ モンスターハンターライズ,full,partial,6,5,2,False
my_juggler_v.json,my_juggler_v,マイジャグラーV,full,partial,5,3,0,False
nyanko.json,nyanko,Lにゃんこ大戦争 超神速,legacy_inference,available,3,2,0,True
oki_doki_duo.json,oki_doki_duo,oki_doki_duo,legacy_indicators,draft,4,0,0,True
oki_doki_gold.json,oki_doki_gold,oki_doki_gold,legacy_indicators,draft,4,0,0,True
revue_starlight.json,revue_starlight,L少女☆歌劇 レヴュースタァライト -The SLOT-,legacy_inference,available,3,1,0,True
ring_v.json,ring_v,Lリングにかけろ1 V,legacy_inference,partial,3,2,0,True
saki_top.json,saki_top,L咲-Saki- 頂上決戦,legacy_inference,available,3,1,0,True
sengoku_otome4.json,sengoku_otome4,L戦国乙女4 戦乱に閃く炯眼の軍師,legacy_inference,available,3,2,0,True
shin_eva.json,shin_eva,Lパチスロ シン・エヴァンゲリオン,legacy_inference,available,3,2,0,True
strike_witches2.json,strike_witches2,Lストライクウィッチーズ2,legacy_inference,available,3,2,0,True
tensei_slime.json,tensei_slime,L転生したらスライムだった件,legacy_inference,available,3,2,0,True
toaru.json,toaru,スマスロ とある魔術の禁書目録,legacy_inference,partial,3,2,0,True
tokyo_ghoul.json,tokyo_ghoul,L東京喰種,legacy_inference,available,3,1,0,True
tokyoghoul.json,tokyoghoul,東京喰種,legacy_notes_only,draft,1,0,0,True
ushio_tora.json,ushio_tora,Lうしおととら 白面決戦,legacy_inference,available,3,1,0,True
valvrave.json,valvrave,L革命機ヴァルヴレイヴ,legacy_indicators,draft,5,0,0,True
valvrave_2.json,valvrave_2,Lパチスロ 革命機ヴァルヴレイヴ2,full,partial,5,0,4,False
vvv.json,vvv,革命機ヴァルヴレイヴ,legacy_notes_only,draft,1,0,0,True
zenigata4.json,zenigata4,L主役は銭形4,legacy_inference,available,3,2,0,True
