machine_name,duplicate_count,file_names,machine_ids
Lありふれた職業で世界最強,2,arifureta.json|list_slot_022.json,arifureta|list_slot_022
Lうしおととら 白面決戦,2,list_slot_018.json|ushio_tora.json,list_slot_018|ushio_tora
Lにゃんこ大戦争 超神速,2,list_slot_024.json|nyanko.json,list_slot_024|nyanko
Lアズールレーン THE ANIMATION,2,azure_lane.json|list_slot_015.json,azure_lane|list_slot_015
Lゴジラ,2,godzilla.json|list_slot_019.json,godzilla|list_slot_019
Lゴブリンスレイヤー,2,goblin_slayer.json|list_slot_001.json,goblin_slayer|list_slot_001
Lストライクウィッチーズ2,2,list_slot_008.json|strike_witches2.json,list_slot_008|strike_witches2
Lダーリン・イン・ザ・フランキス,2,darling_franxx.json|list_slot_016.json,darling_franxx|list_slot_016
Lパチスロ シン・エヴァンゲリオン,2,list_slot_023.json|shin_eva.json,list_slot_023|shin_eva
L主役は銭形4,2,list_slot_007.json|zenigata4.json,list_slot_007|zenigata4
L仮面ライダー電王,2,kamen_rider_denoh.json|list_slot_021.json,kamen_rider_denoh|list_slot_021
L咲-Saki- 頂上決戦,2,list_slot_017.json|saki_top.json,list_slot_017|saki_top
L少女☆歌劇 レヴュースタァライト -The SLOT-,2,list_slot_020.json|revue_starlight.json,list_slot_020|revue_starlight
L戦国乙女4 戦乱に閃く炯眼の軍師,2,list_slot_002.json|sengoku_otome4.json,list_slot_002|sengoku_otome4
L東京喰種,2,list_slot_014.json|tokyo_ghoul.json,list_slot_014|tokyo_ghoul
L範馬刃牙,2,dmm_slot_019.json|hanma_baki.json,dmm_slot_019|hanma_baki
L転生したらスライムだった件,2,list_slot_005.json|tensei_slime.json,list_slot_005|tensei_slime
スマスロ バイオハザード RE:2,2,bio_re2.json|list_slot_006.json,bio_re2|list_slot_006
パチスロ 炎炎ノ消防隊,3,enen.json|fire_force.json|list_slot_025.json,enen|fire_force|list_slot_025
押忍！番長4,2,bancho4.json|list_slot_011.json,bancho4|list_slot_011
