"file","id","name","manufacturer","releaseDate","dmmUrl","ichigekiUrl"
"akame_ga_kill_2.json","akame_ga_kill_2","Lアカメが斬る！ 2","SNT（新日テクノロジー）","2024-07-08","https://p-town.dmm.com/machines/4597",
"akame_ga_kill.json","akame_ga_kill","アカメが斬る！","サミー","2020-03-02",,
"aladdin_classic.json","aladdin_classic","アラジンクラシック","サミー","2022-01-24",,
"aldnoah_zero.json","aldnoah_zero","アルドノア・ゼロ","ユニバーサルブロス","2021-05-10",,
"anata_no_otto_hades.json","anata_no_otto_hades","アナターのオット！？はーです","ミズホ","2020-12-07",,
"anemone.json","anemone","パチスロANEMONE 交響詩篇エウレカセブン HI-EVOLUTION","サミー","2021-12-06",,
"ao_no_exorcist.json","ao_no_exorcist","青の祓魔師（エクソシスト）","サボハニ","2020-08-03",,
"arifureta.json","arifureta","Lありふれた職業で世界最強","SANKYO","2025-02-03","https://p-town.dmm.com/machines/4715","https://1geki.jp/slot/l_arifureta/"
"azure_lane.json","azure_lane","Lアズールレーン THE ANIMATION","京楽","2025-08-04","https://p-town.dmm.com/machines/4847","https://1geki.jp/slot/l_azurlane/"
"babel.json","babel","Lバベル",,,,
"bakemonogatari.json","bakemonogatari","スマスロ 化物語","サミー","2025-12-08","https://p-town.dmm.com/machines/4898",
"bancho4.json","bancho4","押忍！番長4","大都技研","2024-04-22","https://p-town.dmm.com/machines/4553",
"bandori.json","bandori","Lバンドリ！","平和",,"https://p-town.dmm.com/machines/4641",
"big_shimauta_30.json","big_shimauta_30","BIG島唄30",,,,
"bio_re2.json","bio_re2","スマスロ バイオハザード RE:2","アデリオン","2022-10-03","https://p-town.dmm.com/machines/4217",
"biohazard_5.json","biohazard_5","Lバイオハザード5","エンターライズ","2025-03-03",,
"black_lagoon_4.json","black_lagoon_4","ブラックラグーン4","スパイキー","2023-02-06",,
"cats_eye.json","cats_eye","キャッツアイ","平和","2022-06-06",,
"char_counterattack.json","char_counterattack","シャア専用パチスロ 逆襲の赤い彗星","ビスティ","2020-08-03",,
"d4dj_pachi_slot_mix.json","d4dj_pachi_slot_mix","L D4DJ Pachi-Slot Mix","京楽","2024-08-05","https://p-town.dmm.com/machines/4604",
"darling_franxx.json","darling_franxx","Lダーリン・イン・ザ・フランキス","スパイキー","2025-08-04","https://p-town.dmm.com/machines/4855","https://1geki.jp/slot/l_darlifra/"
"dmm_slot_001.json","dmm_slot_001","スマスロ BIRDIE WING -Golf Girls' Story-","UNIVERSAL BROS.","2026-06-08","https://p-town.dmm.com/machines/4996","https://1geki.jp/slot/l_birdie/"
"dmm_slot_002.json","dmm_slot_002","スマスロ バイオハザードRE:3","Enterrise","2026-05-11","https://p-town.dmm.com/machines/4974","https://1geki.jp/slot/s_bh7/"
"dmm_slot_003.json","dmm_slot_003","Ｌタクトオーパス デスティニー","HEIWA","2026-05-11","https://p-town.dmm.com/machines/5000","https://1geki.jp/slot/syllabary/4/"
"dmm_slot_004.json","dmm_slot_004","スマスロ ビッグドリーム THE GOLDEN PUSHER","Sammy","2026-05-11","https://p-town.dmm.com/machines/4981","https://1geki.jp/slot/syllabary/6/"
"dmm_slot_005.json","dmm_slot_005","スマスロスーパーリオエース2","YAMASA NEXT","2026-05-11","https://p-town.dmm.com/machines/4984","https://1geki.jp/slot/s_sp_rioace/"
"dmm_slot_006.json","dmm_slot_006","LB スロット GALFY","オーイズミ","2026-06-08","https://p-town.dmm.com/machines/4992",
"dmm_slot_007.json","dmm_slot_007","スマスロ ミリオンゴッド-神々の軌跡-","ミズホ","2026-04-20","https://p-town.dmm.com/machines/4961",
"dmm_slot_008.json","dmm_slot_008","アニマルスロット ドッチ","北電子","2026-04-20","https://p-town.dmm.com/machines/4964",
"dmm_slot_009.json","dmm_slot_009","真打 吉宗","大都技研","2026-04-06","https://p-town.dmm.com/machines/4983",
"dmm_slot_010.json","dmm_slot_010","LBトリプルクラウンセブン","岡崎産業","2026-04-06","https://p-town.dmm.com/machines/4986",
"dmm_slot_011.json","dmm_slot_011","スマスロヨルムンガンド","YAMASA NEXT","2026-04-06","https://p-town.dmm.com/machines/4970",
"dmm_slot_012.json","dmm_slot_012","L虚構推理","D-light","2026-04-06","https://p-town.dmm.com/machines/4973",
"dmm_slot_013.json","dmm_slot_013","A-SLOT+ 異世界かるてっと BT","GINZA","2026-04-06","https://p-town.dmm.com/machines/4965",
"dmm_slot_014.json","dmm_slot_014","Lアクダマドライブ","SanThree","2026-04-06","https://p-town.dmm.com/machines/4956",
"dmm_slot_015.json","dmm_slot_015","スマスロ サンダーV","ELECO","2026-03-02","https://p-town.dmm.com/machines/4943","https://1geki.jp/slot/l_thunder_v/"
"dmm_slot_017.json","dmm_slot_017","スマスロ ハナビ","アクロス","2026-02-02","https://p-town.dmm.com/machines/4928","https://1geki.jp/slot/l_hanabi/"
"dmm_slot_020.json","dmm_slot_020","Lパチスロ 炎炎ノ消防隊2","SANKYO","2026-02-02","https://p-town.dmm.com/machines/4926","https://1geki.jp/slot/l_ennenn2/"
"dmm_slot_021.json","dmm_slot_021","ミクちゃんとイドムンのミラクルチャレンジ2",,,"https://p-town.dmm.com/machines/4471","https://1geki.jp/slot/s_mikuido2chal/"
"dmm_slot_022.json","dmm_slot_022","ニューシオサイ",,,"https://p-town.dmm.com/machines/4476","https://1geki.jp/slot/s_newsiosai_sa/"
"dmm_slot_023.json","dmm_slot_023","パチスロ琉神−30 スイカバージョン",,,"https://p-town.dmm.com/machines/4468","https://1geki.jp/slot/s_ryujin30/"
"dmm_slot_025.json","dmm_slot_025","Lラブ嬢3〜Wご指名はいかがですか？〜","アムテックス","2023-12-04","https://p-town.dmm.com/machines/4458","https://1geki.jp/slot/l_lovejou3/"
"dmm_slot_026.json","dmm_slot_026","L花の慶次～佐渡攻めの章〜","EXCITE","2023-12-04","https://p-town.dmm.com/machines/4456","https://1geki.jp/slot/l_keiji_sado/"
"dmm_slot_028.json","dmm_slot_028","クランキークレスト",,,"https://p-town.dmm.com/machines/4449","https://1geki.jp/slot/s_crankycrest/"
"dmm_slot_029.json","dmm_slot_029","マジカルハロウィン８",,,"https://p-town.dmm.com/machines/4423","https://1geki.jp/slot/l_magicalhalloween8/"
"dmm_slot_030.json","dmm_slot_030","推しスロ アイドルVer.","タツミコーポレーション","2023-12-01","https://p-town.dmm.com/machines/4455","https://1geki.jp/slot/s_oshisloaid/"
"dmm_slot_031.json","dmm_slot_031","パチスロ ケンガンアシュラ","ネット","2023-11-20","https://p-town.dmm.com/machines/4434","https://1geki.jp/slot/l_kengan_ashura/"
"dmm_slot_032.json","dmm_slot_032","Sちゅらちゅら",,,"https://p-town.dmm.com/machines/4486",
"dmm_slot_033.json","dmm_slot_033","L ひぐらしのなく頃に 業",,,"https://p-town.dmm.com/machines/4447","https://1geki.jp/slot/l_higurashi_gou/"
"dmm_slot_035.json","dmm_slot_035","デジスロ JAC INバージョン",,,"https://p-town.dmm.com/machines/4433","https://1geki.jp/slot/s_digislo_jacin/"
"dmm_slot_036.json","dmm_slot_036","L大工の源さん超夢源","三洋","2023-11-06","https://p-town.dmm.com/machines/4428","https://1geki.jp/slot/l_d_gensantyomugen/"
"dmm_slot_037.json","dmm_slot_037","スマスロ劇場版 魔法少女まどか☆マギカ[前編]始まりの物語／[後編]永遠の物語f-フォルテ-","メーシー","2023-11-06","https://p-town.dmm.com/machines/4420","https://1geki.jp/slot/l_madomagimov_forte/"
"dmm_slot_038.json","dmm_slot_038","パチスロ交響詩篇エウレカセブン HI-EVOLUTION ZERO TYPE-ART",,,"https://p-town.dmm.com/machines/4419","https://1geki.jp/slot/s_eurekahievo_art/"
"dmm_slot_039.json","dmm_slot_039","L エヴァンゲリオン ～未来への創造～",,,"https://p-town.dmm.com/machines/4414","https://1geki.jp/slot/l_evasloasu/"
"dmm_slot_040.json","dmm_slot_040","スーハナライジング-30",,,"https://p-town.dmm.com/machines/4409","https://1geki.jp/slot/s_suhana_rising30/"
"drifters.json","drifters","ドリフターズ","サミー","2022-08-08",,
"etotama.json","etotama","えとたま",,,,
"eureka_zero.json","eureka_zero","エウレカセブン HI-EVOLUTION ZERO TYPE-ART",,,"https://p-town.dmm.com/machines/4419","https://1geki.jp/slot/s_eurekahievo_art/"
"eva_tamashii_no_kyoumei.json","eva_tamashii_no_kyoumei","エヴァンゲリオン魂の共鳴",,,,
"fire_force.json","fire_force","パチスロ 炎炎ノ消防隊","SANKYO","2023-05-08","https://p-town.dmm.com/machines/4326","https://1geki.jp/slot/s_ennenn/"
"frame_arms_girls.json","frame_arms_girls","フレイムアームガールズ",,,,
"funky_juggler_2.json","funky_juggler_2","ファンキージャグラー2","Kita Denshi","2025-01-01","https://p-town.dmm.com/machines/4388","https://1geki.jp/slot/s_funkyjuggler2/"
"g1_yushun_club_gold.json","g1_yushun_club_gold","LGI優駿倶楽部 黄金",,,,
"garo_ougon_kishi.json","garo_ougon_kishi","牙狼 黄金騎士",,,,
"ghost_shell.json","ghost_shell","スマスロ 攻殻機動隊 STAND ALONE COMPLEX","Sammy","2026-02-02","https://p-town.dmm.com/machines/4931","https://1geki.jp/slot/l_kokaku/"
"goblin_slayer.json","goblin_slayer","Lゴブリンスレイヤー",,,,
"godzilla_vs_eva.json","godzilla_vs_eva","LゴジラVSエヴァンゲリオン",,,,
"godzilla.json","godzilla","Lゴジラ","ニューギン","2025-04-07","https://p-town.dmm.com/machines/4752","https://1geki.jp/slot/l_godzilla/"
"gogo_juggler_3.json","gogo_juggler_3","ゴーゴージャグラー3","Kita Denshi","2025-01-01","https://p-town.dmm.com/machines/4782","https://1geki.jp/slot/s_gogojuggler3/"
"gundam_seed.json","gundam_seed","Lパチスロ 機動戦士ガンダムSEED",,,"https://p-town.dmm.com/machines/4788",
"hanabi_zekkei.json","hanabi_zekkei","花火絶景",,,,
"hanagasa.json","hanagasa","L花笠",,,,
"hanma_baki.json","hanma_baki","L範馬刃牙","オリンピア","2026-02-02","https://p-town.dmm.com/machines/4941","https://1geki.jp/slot/l_baki2/"
"happy_juggler_v3.json","happy_juggler_v3","ハッピージャグラーV III","Kita Denshi","2025-01-01","https://p-town.dmm.com/machines/4656","https://1geki.jp/slot/s_happyjuggler8/"
"hidan_no_aria_2.json","hidan_no_aria_2","緋弾のアリア2",,,,
"higurashi_matsuri2.json","higurashi_matsuri2","ひぐらしのなく頃に祭2 カケラ遊び編",,,,
"hihouden_megami.json","hihouden_megami","秘宝伝 解き放たれた女神",,,,
"hihouden.json","hihouden","スマスロ 秘宝伝",,,"https://p-town.dmm.com/machines/4929",
"hokuto_tensei_2.json","hokuto_tensei_2","スマスロ 北斗の拳 転生の章2","サミー","2026-01-05","https://p-town.dmm.com/machines/4909","https://1geki.jp/slot/l_hokuto_tensei2/"
"hokuto.json","hokuto","L北斗の拳","サミー","2023-04-03","https://p-town.dmm.com/machines/4301","https://1geki.jp/slot/l_hokutonoken/"
"idolmaster_million_live.json","idolmaster_million_live","スマスロ アイドルマスター ミリオンライブ！ ネクストプロローグ","山佐","2025-04-21","https://p-town.dmm.com/machines/4753",
"im_juggler_ex.json","im_juggler_ex","アイムジャグラーEX","Kita Denshi","2025-01-01","https://p-town.dmm.com/machines/4316","https://1geki.jp/slot/s_ij_ex_6/"
"initial_d_2.json","initial_d_2","スマスロ頭文字D 2nd","サミー","2024-10-07","https://p-town.dmm.com/machines/4635",
"inuyasha_2.json","inuyasha_2","L 犬夜叉2","エフ","2024-12-02","https://p-town.dmm.com/machines/4690",
"inuyasha.json","inuyasha","パチスロ犬夜叉","クロスアルファ","2022-07-04","https://p-town.dmm.com/machines/4173",
"iza_bancho.json","iza_bancho","いざ！番長","サボハニ","2025-06-02","https://p-town.dmm.com/machines/4805",
"jabami_yumeko.json","jabami_yumeko","蛇喰夢子という女",,,,
"kabaneri_kaimon.json","kabaneri_kaimon","スマスロ 甲鉄城のカバネリ 海門決戦","Sammy","2026-03-02","https://p-town.dmm.com/machines/4930","https://1geki.jp/slot/l_kabaneri2/"
"kabaneri.json","kabaneri","パチスロ 甲鉄城のカバネリ","サミー","2022-07-04","https://p-town.dmm.com/machines/4160","https://1geki.jp/slot/s_kabaneri/"
"kaiji_kyouen.json","kaiji_kyouen","回胴黙示録カイジ 狂宴","サミー","2025-03-03","https://p-town.dmm.com/machines/4734",
"kamen_rider_denoh.json","kamen_rider_denoh","L仮面ライダー電王","京楽","2025-03-03","https://p-town.dmm.com/machines/4756","https://1geki.jp/slot/l_kmnr_deno/"
"karakuri_circus.json","karakuri_circus","Lからくりサーカス","SANKYO","2023-07-03","https://p-town.dmm.com/machines/4360","https://1geki.jp/slot/l_karakuricircus/"
"kinnikuman_7devils.json","kinnikuman_7devils","スマスロキン肉マン～7人の悪魔超人編～","セブンリーグ","2023-08-07","https://p-town.dmm.com/machines/4378",
"l_code_geass.json","l_code_geass","Lコードギアス",,,,
"l_ring_ni_kakero.json","l_ring_ni_kakero","Lリングにかけろ",,,,
"l_rino_heaven.json","l_rino_heaven","Lリノ ヘブン",,,,
"l_yoshimune_rising.json","l_yoshimune_rising","L吉宗ライジング",,,,
"l_yoshimune.json","l_yoshimune","L吉宗",,,,
"list_slot_003.json","list_slot_003","スマスロ コードギアス 反逆のルルーシュ／復活のルルーシュ","Sammy","2024-02-05","https://p-town.dmm.com/machines/4477","https://1geki.jp/slot/l_codegeass/"
"list_slot_004.json","list_slot_004","パチスロ コードギアス 反逆のルルーシュ3 C.C.&Kallen ver.","Sammy","2023-06-05","https://p-town.dmm.com/machines/4342","https://1geki.jp/slot/s_codegeass3cc/"
"list_slot_009.json","list_slot_009","L麻雀格闘倶楽部 覚醒","コナミアミューズメント","2023-09-19","https://p-town.dmm.com/machines/4401","https://1geki.jp/slot/s_mfckakusei/"
"list_slot_010.json","list_slot_010","Lベルセルク無双","EXCITE","2023-06-05","https://p-town.dmm.com/machines/4367","https://1geki.jp/slot/l_berserkmuso/"
"list_slot_012.json","list_slot_012","L南国育ち","オリンピアエステート","2024-03-04","https://p-town.dmm.com/machines/4512",
"list_slot_013.json","list_slot_013","スマスロ痛いのは嫌なので防御力に極振りしたいと思います。","サミー","2024-06-03","https://p-town.dmm.com/machines/4566","https://1geki.jp/slot/l_bofuri/"
"list_slot_026.json","list_slot_026","EVANGELION FESTIVAL","ビスティ","2020-03-02","https://p-town.dmm.com/machines/3642","https://1geki.jp/slot/s_eva_fes/"
"list_slot_027.json","list_slot_027","パチスロ アクエリオン ALL STARS","SANKYO","2022-07-04","https://p-town.dmm.com/machines/4156","https://1geki.jp/slot/s_aguarion_allstars/"
"list_slot_028.json","list_slot_028","パチスロ鉄拳5","YAMASA","2022-07-19","https://p-town.dmm.com/machines/4162","https://1geki.jp/slot/s_tekken5/"
"list_slot_029.json","list_slot_029","パチスロ幼女戦記","Sammy","2022-12-05","https://p-town.dmm.com/machines/4241","https://1geki.jp/slot/s_yojo_senki/"
"list_slot_030.json","list_slot_030","スマスロ シャーマンキング","Eleco","2025-02-03","https://p-town.dmm.com/machines/4719","https://1geki.jp/slot/l_shamanking/"
"list_slot_031.json","list_slot_031","パチスロ 新鬼武者2","Enterrise","2022-08-08","https://p-town.dmm.com/machines/4178","https://1geki.jp/slot/s_sinnoni2/"
"list_slot_032.json","list_slot_032","FAIRY TAIL2","藤商事","2022-08-01","https://p-town.dmm.com/machines/4191","https://1geki.jp/slot/s_fairytail2/"
"list_slot_033.json","list_slot_033","ペルソナ5","サミー","2022-09-05","https://p-town.dmm.com/machines/4193","https://1geki.jp/slot/s_persona5/"
"list_slot_034.json","list_slot_034","パチスロ盾の勇者の成り上がり","Sammy","2023-02-20","https://p-town.dmm.com/machines/4292","https://1geki.jp/slot/s_tat_yu/"
"list_slot_035.json","list_slot_035","S BOØWY","D-light","2022-09-20","https://p-town.dmm.com/machines/4196","https://1geki.jp/slot/s_boowy/"
"list_slot_036.json","list_slot_036","バイオハザード ヴィレッジ","アデリオン","2024-01-09","https://p-town.dmm.com/machines/4459","https://1geki.jp/slot/l_biovillage/"
"list_slot_037.json","list_slot_037","パチスロ ダンジョンに出会いを求めるのは間違っているだろうか2","北電子","2024-04-22","https://p-town.dmm.com/machines/4556","https://1geki.jp/slot/s_danmachi2/"
"list_slot_039.json","list_slot_039","この素晴らしい世界に祝福を！","サミー","2022-04-04","https://p-town.dmm.com/machines/4097","https://1geki.jp/slot/s_konosuba/"
"list_slot_040.json","list_slot_040","Lルパン三世 大航海者の秘宝","平和","2024-12-02","https://p-town.dmm.com/machines/4689","https://1geki.jp/slot/l_lupin_totgn/"
"list_slot_041.json","list_slot_041","黄門ちゃま天","オリンピア","2024-09-02","https://p-town.dmm.com/machines/4609","https://1geki.jp/slot/l_komonchama_ten/"
"list_slot_042.json","list_slot_042","ニューパルサーSP4","SEVEN LEAGUE","2024-05-07","https://p-town.dmm.com/machines/4550","https://1geki.jp/slot/s_newpulsar_with_tt/"
"list_slot_043.json","list_slot_043","ニューパルサーDX3","YAMASA NEXT","2021-10-04","https://p-town.dmm.com/machines/3953","https://1geki.jp/slot/s_newpal_dx3/"
"list_slot_044.json","list_slot_044","ハナビ","ACROSS","2021-07-05","https://p-town.dmm.com/machines/2042","https://1geki.jp/slot/s_shinhanabi/"
"list_slot_045.json","list_slot_045","バーサスリヴァイズ","ELECO","2022-01-11","https://p-town.dmm.com/machines/4033","https://1geki.jp/slot/s_versus_rexse/"
"list_slot_046.json","list_slot_046","サンダーVライトニング","ACROSS","2020-02-03","https://p-town.dmm.com/machines/3647","https://1geki.jp/slot/s_thunderv_lg/"
"list_slot_047.json","list_slot_047","アレックス ブライト","UNIVERSAL BROS.","2025-09-01","https://p-town.dmm.com/machines/4799","https://1geki.jp/slot/lb_arexbright/"
"list_slot_048.json","list_slot_048","ディスクアップ2","Sammy","2022-01-24","https://p-town.dmm.com/machines/4043","https://1geki.jp/slot/s_discup2/"
"list_slot_049.json","list_slot_049","A-SLOT+ ディスクアップ ULTRAREMIX","Sammy","2025-01-20","https://p-town.dmm.com/machines/4702","https://1geki.jp/slot/l_discup_ur/"
"list_slot_050.json","list_slot_050","ファミスタ回胴版!!","UNIVERSAL BROS.","2023-09-04","https://p-town.dmm.com/machines/4393","https://1geki.jp/slot/s_famista_kaido/"
"list_slot_051.json","list_slot_051","沖ドキ！GOLD","UNIVERSAL BROS.","2022-12-19","https://p-town.dmm.com/machines/4258","https://1geki.jp/slot/s_okidoki_gold/"
"list_slot_052.json","list_slot_052","沖ドキ！DUO","ACROSS","2021-12-20","https://p-town.dmm.com/machines/4031","https://1geki.jp/slot/s_okidoki_duo_25/"
"list_slot_053.json","list_slot_053","スマート沖スロ 沖ドキ！DUO-30 アンコール","MACY","2025-12-22","https://p-town.dmm.com/machines/4906","https://1geki.jp/slot/l_okidoki_duo_encore/0/"
"list_slot_054.json","list_slot_054","チバリヨ2プラス","NET","2025-01-06","https://p-town.dmm.com/machines/4717","https://1geki.jp/slot/l_cbry2_plus/"
"list_slot_055.json","list_slot_055","スマート沖スロ スターハナハナ","PIONEER","2025-01-06","https://p-town.dmm.com/machines/4680","https://1geki.jp/slot/l_starhnhn30/0/"
"list_slot_058.json","list_slot_058","ドラゴンハナハナ～閃光～ 30","PIONEER","2023-12-18","https://p-town.dmm.com/machines/4453","https://1geki.jp/slot/s_drahana_senko30/0/"
"list_slot_059.json","list_slot_059","キングハナハナ-30","PIONEER","2023-03-20","https://p-town.dmm.com/machines/4311","https://1geki.jp/slot/s_kinghanahana2023/"
"list_slot_060.json","list_slot_060","ハナハナホウオウ～天翔～-30","PIONEER","2022-01-24","https://p-town.dmm.com/machines/4013","https://1geki.jp/slot/s_hanahana_houoh_tensho30/"
"list_slot_062.json","list_slot_062","戦姫絶唱シンフォギア 正義の歌","SANKYO","2024-09-02","https://p-town.dmm.com/machines/4579","https://1geki.jp/slot/l_sympho/"
"list_slot_063.json","list_slot_063","Lパチスロうみねこのなく頃に2","オーイズミ","2026-02-02","https://p-town.dmm.com/machines/4925","https://1geki.jp/slot/l_umineko2/"
"love_cute_2.json","love_cute_2","Lラブキューレ2",,,,
"macross_frontier_4.json","macross_frontier_4","Lパチスロマクロスフロンティア4",,,"https://p-town.dmm.com/machines/4464",
"madoka_forte.json","madoka_forte","劇場版魔法少女まどか☆マギカ f-フォルテ-",,,"https://p-town.dmm.com/machines/4420","https://1geki.jp/slot/l_madomagimov_forte/"
"madoka_magica_f.json","madoka_magica_f","Lまどか☆マギカf",,,,
"magia_record.json","magia_record","スマスロ マギアレコード 魔法少女まどか☆マギカ外伝","ミズホ",,"https://p-town.dmm.com/machines/4745",
"mahjong_monogatari.json","mahjong_monogatari","L麻雀物語",,,"https://p-town.dmm.com/machines/4777",
"momokyun_sword.json","momokyun_sword","モモキュンソード",,,,
"monkey_turn_v.json","monkey_turn_v","スマスロ モンキーターンV","山佐","2023-12-04","https://p-town.dmm.com/machines/4450","https://1geki.jp/slot/l_monkeyturn5/"
"monster_hunter_golden.json","monster_hunter_golden","モンスターハンター黄金狩猟",,,,
"monster_hunter_iceborne.json","monster_hunter_iceborne","パチスロ モンスターハンターアイスボーン™","エンターライズ","2023-01-30",,
"monster_hunter_rise.json","monster_hunter_rise","スマスロ モンスターハンターライズ","エンターライズ","2024-11-18","https://p-town.dmm.com/machines/4676","https://1geki.jp/slot/l_mh_rize/"
"motto_chibariyo_25.json","motto_chibariyo_25","もっと！チバリヨ！25",,,,
"motto_chibariyo_30.json","motto_chibariyo_30","もっと！チバリヨ！30",,,,
"mushoku_tensei.json","mushoku_tensei","L無職転生～異世界行ったら本気だす～",,,"https://p-town.dmm.com/machines/4924",
"my_flower_2.json","my_flower_2","マイフラワーⅡ",,,,
"my_juggler_v.json","my_juggler_v","マイジャグラーV","Kita Denshi","2025-01-01","https://p-town.dmm.com/machines/4204","https://1geki.jp/slot/s_mj5/"
"neo_planet.json","neo_planet","Lネオプラネット",,,,
"no_game_no_life.json","no_game_no_life","ノーゲーム・ノーライフ THE SLOT","北電子","2021-04-05",,
"nogizaka_46.json","nogizaka_46","ぱちスロ 乃木坂46","京楽","2023-08-07","https://p-town.dmm.com/machines/4404",
"nyanko.json","nyanko","Lにゃんこ大戦争 超神速","京楽","2025-01-20","https://p-town.dmm.com/machines/4724","https://1geki.jp/slot/l_nyanko2/"
"one_bar_s30.json","one_bar_s30","ワンバーS30",,,,
"one_punch_man.json","one_punch_man","Lワンパンマン","EXCITE",,"https://p-town.dmm.com/machines/4623",
"prism_nana.json","prism_nana","Lプリズムナナ",,,,
"railgun.json","railgun","とある科学の超電磁砲","JFJ","2022-11-07",,
"rakuen_tsuihou.json","rakuen_tsuihou","楽園追放","サミー","2021-06-07",,
"revue_starlight.json","revue_starlight","L少女☆歌劇 レヴュースタァライト -The SLOT-","オーイズミ","2025-03-03","https://p-town.dmm.com/machines/4706","https://1geki.jp/slot/l_revuestarlight/"
"rezero_season2.json","rezero_season2","スロット Re:ゼロから始める異世界生活 season2","パオン・ディーピー","2024-10-21","https://p-town.dmm.com/machines/4658","https://1geki.jp/slot/l_rezero_season2/"
"ring_ni_kakero_1.json","ring_ni_kakero_1","リングにかけろ1",,,,
"ring_v.json","ring_v","Lリングにかけろ1 V",,,"https://p-town.dmm.com/machines/4460","https://1geki.jp/slot/l_rinkake1v/"
"saint_seiya_kaiou_custom_edition.json","saint_seiya_kaiou_custom_edition","L聖闘士星矢 海皇覚醒 CUSTOM EDITION","サンスリー","2024-06-03","https://p-town.dmm.com/machines/4572",
"saki_top.json","saki_top","L咲-Saki- 頂上決戦","三洋","2025-08-04","https://p-town.dmm.com/machines/4834","https://1geki.jp/slot/l_saki/"
"salaryman_bancho_2.json","salaryman_bancho_2","押忍！サラリーマン番長2","大都技研","2020-04-20",,
"sengoku_otome4.json","sengoku_otome4","L戦国乙女4 戦乱に閃く炯眼の軍師","オリンピアエステート","2023-09-04","https://p-town.dmm.com/machines/4395","https://1geki.jp/slot/l_otome_keigan/"
"senran_kagura_2.json","senran_kagura_2","L閃乱カグラ2",,,,
"shin_eva.json","shin_eva","Lパチスロ シン・エヴァンゲリオン","ビスティ","2025-01-20","https://p-town.dmm.com/machines/4730","https://1geki.jp/slot/l_shin_eva/"
"shin_onimusha_3.json","shin_onimusha_3","L新鬼武者3",,,,
"strike_witches2.json","strike_witches2","Lストライクウィッチーズ2","サンスリー","2024-02-05","https://p-town.dmm.com/machines/4490","https://1geki.jp/slot/l_strikewitches2/"
"super_bingo_neo_classic.json","super_bingo_neo_classic","スーパービンゴネオクラシック",,,,
"super_black_jack.json","super_black_jack","スマスロスーパーブラックジャック","セブンリーグ","2025-02-03","https://p-town.dmm.com/machines/4712",
"tekken4_ultimate_devil.json","tekken4_ultimate_devil","鉄拳4アルティメットデビルVer.",,,,
"tensei_slime.json","tensei_slime","L転生したらスライムだった件","山佐","2023-10-02","https://p-town.dmm.com/machines/4405","https://1geki.jp/slot/l_tensura/"
"tiger_bunny_sp.json","tiger_bunny_sp","タイガー&バニーSP","山佐","2022-01-11",,
"toaru.json","toaru","スマスロ とある魔術の禁書目録","藤商事","2023-11-06","https://p-town.dmm.com/machines/4445","https://1geki.jp/slot/l_toaru_index/"
"tokyo_ghoul.json","tokyo_ghoul","L東京喰種","スパイキー","2025-02-03","https://p-town.dmm.com/machines/4742","https://1geki.jp/slot/l_tokyoghoul/"
"ultra_chabudai_gaeshi.json","ultra_chabudai_gaeshi","ウルトラちゃぶ台返し",,,,
"ushio_tora.json","ushio_tora","Lうしおととら 白面決戦","Daiichi","2025-04-07","https://p-town.dmm.com/machines/4776","https://1geki.jp/slot/l_ushiototora/"
"valvrave_2.json","valvrave_2","Lパチスロ 革命機ヴァルヴレイヴ2","SANKYO","2025-11-04","https://p-town.dmm.com/machines/4885","https://1geki.jp/slot/l_valvrave2/"
"valvrave.json","valvrave","L革命機ヴァルヴレイヴ","SANKYO","2022-11-21","https://p-town.dmm.com/machines/4244","https://1geki.jp/slot/s_valvrave/"
"warau_salesman_4.json","warau_salesman_4","笑ゥせぇるすまん4","三洋物産","2022-12-05",,
"warau_salesman_zesshou.json","warau_salesman_zesshou","笑ゥせぇるすまん 絶笑","サンスリー","2025-01-20",,
"watakon.json","watakon","わたしの幸せな結婚","コナミアミューズメント","2025-07-07","https://p-town.dmm.com/machines/4803",
"yatterman_zettai_seigi.json","yatterman_zettai_seigi","ヤッターマン絶対正義",,,,
"yoshimune_3.json","yoshimune_3","吉宗3","大都技研","2021-10-04",,
"youzitsu.json","youzitsu","スマスロ ようこそ実力至上主義の教室へ","DAXEL","2025-05-07","https://p-town.dmm.com/machines/4770",
"zenigata_5.json","zenigata_5","L主役は銭形5",,,,
"zenigata4.json","zenigata4","L主役は銭形4","オリンピア","2023-05-08","https://p-town.dmm.com/machines/4335","https://1geki.jp/slot/s_zenigata4/"
"zettai_shougeki_4.json","zettai_shougeki_4","L絶対衝激4",,,,
