file_name,machine_id,machine_name,schema_type,element_index,element_key,element_label,settings_present,settings_count,values_count,weight_values,min_sample_sizes,has_note,values_preview
arifureta.json,arifureta,Lありふれた職業で世界最強,modern_inference,1,cz_probability,,1|2|3|4|5|6,6,6,1.0,500,False,0.005|0.005555555555555556|0.00625|0.007142857142857143|0.008333333333333333|0.01
azure_lane.json,azure_lane,Lアズールレーン THE ANIMATION,modern_inference,1,cz_probability,,1|2|3|4|5|6,6,6,1.0,500,False,0.005|0.005555555555555556|0.00625|0.007142857142857143|0.008333333333333333|0.01
bancho4.json,bancho4,押忍！番長4,simple_reference,1,bonus,ボーナス合算,,0,6,,,False,
bancho4.json,bancho4,押忍！番長4,simple_reference,2,cz,CZ確率,,0,6,,,False,
bancho4.json,bancho4,押忍！番長4,simple_reference,3,bell,ベル,,0,6,,,False,
bancho4.json,bancho4,押忍！番長4,simple_reference,4,direct_at,AT直撃,,0,6,,,False,
bio_re2.json,bio_re2,スマスロ バイオハザード RE:2,simple_reference,1,at_hit,AT初当り,,0,6,,,False,
bio_re2.json,bio_re2,スマスロ バイオハザード RE:2,simple_reference,2,cz,CZ確率,,0,6,,,False,
bio_re2.json,bio_re2,スマスロ バイオハザード RE:2,simple_reference,3,weak_cherry,弱チェリー,,0,6,,,False,
bio_re2.json,bio_re2,スマスロ バイオハザード RE:2,simple_reference,4,direct_at,AT直撃,,0,6,,,False,
code_geass_cc_kallen.json,code_geass_cc_kallen,コードギアス 反逆のルルーシュ C.C.&Kallen ver.,modern_inference,1,cz_probability,,1|2|3|4|5|6,6,6,1.0,500,False,0.005|0.005555555555555556|0.00625|0.007142857142857143|0.008333333333333333|0.01
code_geass_cc_kallen.json,code_geass_cc_kallen,コードギアス 反逆のルルーシュ C.C.&Kallen ver.,modern_inference,2,at_probability,,1|2|3|4|5|6,6,6,1.2,500,False,0.0025|0.002777777777777778|0.003125|0.0035714285714285713|0.004166666666666667|0.005
code_geass_fukkatsu.json,code_geass_fukkatsu,コードギアス 復活のルルーシュ,modern_inference,1,cz_probability,,1|2|3|4|5|6,6,6,1.0,500,False,0.005|0.005555555555555556|0.00625|0.007142857142857143|0.008333333333333333|0.01
code_geass_fukkatsu.json,code_geass_fukkatsu,コードギアス 復活のルルーシュ,modern_inference,2,at_probability,,1|2|3|4|5|6,6,6,1.2,500,False,0.0025|0.002777777777777778|0.003125|0.0035714285714285713|0.004166666666666667|0.005
darling_franxx.json,darling_franxx,Lダーリン・イン・ザ・フランキス,modern_inference,1,cz_probability,,1|2|3|4|5|6,6,6,1.0,500,False,0.005|0.005555555555555556|0.00625|0.007142857142857143|0.008333333333333333|0.01
dmm_slot_001.json,dmm_slot_001,スマスロ BIRDIE WING -Golf Girls' Story-,legacy_full,1,bonus_count,,1|2|3|4|5|6,6,6,1|1|1|1|1|1,2500|2500|2500|2500|2500|2500,True,266.7|264.1|257.3|256.0|255.9|255.9
dmm_slot_001.json,dmm_slot_001,スマスロ BIRDIE WING -Golf Girls' Story-,legacy_full,2,at_count,,1|2|3|4|5|6,6,6,0.7|0.7|0.7|0.7|0.7|0.7,3000|3000|3000|3000|3000|3000,True,421.2|410.5|381.9|378.0|377.6|377.3
dmm_slot_002.json,dmm_slot_002,スマスロ バイオハザードRE:3,legacy_full,1,at_count,,1|2|3|4|5|6,6,6,1|1|1|1|1|1,2500|2500|2500|2500|2500|2500,True,399.0|391.4|372.8|349.8|323.5|311.2
dmm_slot_003.json,dmm_slot_003,Ｌタクトオーパス デスティニー,legacy_full,1,at_count,,1|2|3|4|5|6,6,6,1|1|1|1|1|1,2500|2500|2500|2500|2500|2500,True,358.5|350.3|330.5|299.3|297.8|297.4
dmm_slot_004.json,dmm_slot_004,スマスロ ビッグドリーム THE GOLDEN PUSHER,legacy_full,1,cz_count,,1|2|3|4|5|6,6,6,1|1|1|1|1|1,2500|2500|2500|2500|2500|2500,True,337.7|333.3|326.6|316.4|311.4|303.4
dmm_slot_004.json,dmm_slot_004,スマスロ ビッグドリーム THE GOLDEN PUSHER,legacy_full,2,at_count,,1|2|3|4|5|6,6,6,0.7|0.7|0.7|0.7|0.7|0.7,3000|3000|3000|3000|3000|3000,True,629.3|615.3|599.1|562.6|551.1|536.2
dmm_slot_005.json,dmm_slot_005,スマスロスーパーリオエース2,legacy_full,1,at_count,,1|2|3|4|5|6,6,6,0.7|0.7|0.7|0.7|0.7|0.7,3000|3000|3000|3000|3000|3000,True,289.8|281.9|268.0|238.9|230.0|219.2
dmm_slot_006.json,dmm_slot_006,LB スロット GALFY,legacy_full,1,reg_count,,1|2|5|6,4,4,1|1|1|1,2500|2500|2500|2500,True,399.6|360.1|312.1|277.7
dmm_slot_006.json,dmm_slot_006,LB スロット GALFY,legacy_full,2,bonus_count,,1|2|5|6,4,4,0.7|0.7|0.7|0.7,3000|3000|3000|3000,True,169.8|161.4|148.9|138.8
dmm_slot_006.json,dmm_slot_006,LB スロット GALFY,legacy_full,3,big_count,,1|2|5|6,4,4,0.6|0.6|0.6|0.6,3000|3000|3000|3000,True,295.2|292.6|284.9|277.7
dmm_slot_007.json,dmm_slot_007,スマスロ ミリオンゴッド-神々の軌跡-,legacy_full,1,at_count,,1|2|3|4|5|6,6,6,1|1|1|1|1|1,2500|2500|2500|2500|2500|2500,True,533.0|420.0|496.0|338.0|455.0|295.0
dmm_slot_008.json,dmm_slot_008,アニマルスロット ドッチ,legacy_full,1,reg_count,,1|2|3|4|5|6,6,6,1|1|1|1|1|1,2500|2500|2500|2500|2500|2500,True,349.5|342.8|339.4|328.1|321.5|314.3
dmm_slot_008.json,dmm_slot_008,アニマルスロット ドッチ,legacy_full,2,bonus_count,,1|2|3|4|5|6,6,6,0.7|0.7|0.7|0.7|0.7|0.7,3000|3000|3000|3000|3000|3000,True,169.4|163.8|157.8|149.3|140.2|131.9
dmm_slot_008.json,dmm_slot_008,アニマルスロット ドッチ,legacy_full,3,big_count,,1|2|3|4|5|6,6,6,0.6|0.6|0.6|0.6|0.6|0.6,3000|3000|3000|3000|3000|3000,True,329.7|314.7|295.6|274.3|249.1|227.4
dmm_slot_009.json,dmm_slot_009,真打 吉宗,legacy_full,1,at_count,,1|2|3|4|5|6,6,6,1|1|1|1|1|1,2500|2500|2500|2500|2500|2500,True,488.9|471.5|438.5|398.1|377.0|354.9
dmm_slot_009.json,dmm_slot_009,真打 吉宗,legacy_full,2,cz_count,,1|2|3|4|5|6,6,6,0.7|0.7|0.7|0.7|0.7|0.7,3000|3000|3000|3000|3000|3000,True,313.0|303.0|283.5|267.1|256.9|250.6
dmm_slot_010.json,dmm_slot_010,LBトリプルクラウンセブン,legacy_full,1,reg_count,,1|2|5|6,4,4,1|1|1|1,2500|2500|2500|2500,True,590.4|580.0|524.3|464.8
dmm_slot_010.json,dmm_slot_010,LBトリプルクラウンセブン,legacy_full,2,bonus_count,,1|2|5|6,4,4,0.7|0.7|0.7|0.7,3000|3000|3000|3000,True,179.6|176.2|159.8|141.5
dmm_slot_010.json,dmm_slot_010,LBトリプルクラウンセブン,legacy_full,3,big_count,,1|2|5|6,4,4,0.6|0.6|0.6|0.6,3000|3000|3000|3000,True,258.0|253.0|230.0|203.5
dmm_slot_011.json,dmm_slot_011,スマスロヨルムンガンド,legacy_full,1,at_count,,1|2|3|4|5|6,6,6,1|1|1|1|1|1,2500|2500|2500|2500|2500|2500,True,333.8|323.3|305.4|291.6|291.1|290.1
dmm_slot_011.json,dmm_slot_011,スマスロヨルムンガンド,legacy_full,2,cz_count,,1|2|3|4|5|6,6,6,0.7|0.7|0.7|0.7|0.7|0.7,3000|3000|3000|3000|3000|3000,True,194.2|188.6|175.7|169.4|167.8|167.2
dmm_slot_012.json,dmm_slot_012,L虚構推理,legacy_full,1,cz_count,,1|2|3|4|5|6,6,6,1|1|1|1|1|1,2500|2500|2500|2500|2500|2500,True,124.5|121.9|118.6|112.5|107.1|103.5
dmm_slot_012.json,dmm_slot_012,L虚構推理,legacy_full,2,bonus_count,,1|2|3|4|5|6,6,6,0.6|0.6|0.6|0.6|0.6|0.6,3000|3000|3000|3000|3000|3000,True,349.0|341.3|329.3|300.2|279.7|264.8
dmm_slot_013.json,dmm_slot_013,A-SLOT+ 異世界かるてっと BT,legacy_full,1,bonus_count,,1|2|5|6,4,4,0.7|0.7|0.7|0.7,3000|3000|3000|3000,True,99.9|98.1|89.1|82.1
dmm_slot_014.json,dmm_slot_014,Lアクダマドライブ,legacy_full,1,at_count,,1|2|3|4|5|6,6,6,1|1|1|1|1|1,2500|2500|2500|2500|2500|2500,True,555.5|550.7|543.6|517.8|487.7|472.0
dmm_slot_014.json,dmm_slot_014,Lアクダマドライブ,legacy_full,2,cz_count,,1|2|3|4|5|6,6,6,0.7|0.7|0.7|0.7|0.7|0.7,3000|3000|3000|3000|3000|3000,True,166.1|165.3|163.8|159.3|154.8|152.1
dmm_slot_014.json,dmm_slot_014,Lアクダマドライブ,legacy_full,3,bonus_count,,1|2|3|4|5|6,6,6,0.6|0.6|0.6|0.6|0.6|0.6,3000|3000|3000|3000|3000|3000,True,321.2|319.3|315.8|307.0|296.9|291.1
dmm_slot_015.json,dmm_slot_015,スマスロ サンダーV,legacy_full,1,reg_count,,1|2|5|6,4,4,1|1|1|1,2500|2500|2500|2500,True,434.0|394.8|344.9|313.6
dmm_slot_015.json,dmm_slot_015,スマスロ サンダーV,legacy_full,2,bonus_count,,1|2|5|6,4,4,0.7|0.7|0.7|0.7,3000|3000|3000|3000,True,169.8|161.0|149.3|138.8
dmm_slot_015.json,dmm_slot_015,スマスロ サンダーV,legacy_full,3,bell_count,,1|2|5|6,4,4,0.6|0.6|0.6|0.6,4000|4000|4000|4000,True,12.5|12.6|11.9|11.2
dmm_slot_015.json,dmm_slot_015,スマスロ サンダーV,legacy_full,4,suika_count,,1|2|5|6,4,4,0.6|0.6|0.6|0.6,4000|4000|4000|4000,True,81.1|82.2|74.6|76.3
dmm_slot_015.json,dmm_slot_015,スマスロ サンダーV,legacy_full,5,big_count,,1|2|5|6,4,4,0.5|0.5|0.5|0.5,3000|3000|3000|3000,True,277.7|275.4|270.8|264.3
dmm_slot_016.json,dmm_slot_016,スマスロ 甲鉄城のカバネリ 海門（うなと）決戦,legacy_full,1,bonus_count,,1|2|3|4|5|6,6,6,1|1|1|1|1|1,2500|2500|2500|2500|2500|2500,True,254.2|242.3|239.6|214.0|203.2|195.1
dmm_slot_016.json,dmm_slot_016,スマスロ 甲鉄城のカバネリ 海門（うなと）決戦,legacy_full,2,at_count,,1|2|3|4|5|6,6,6,0.7|0.7|0.7|0.7|0.7|0.7,3000|3000|3000|3000|3000|3000,True,422.5|405.9|398.7|357.2|332.6|318.5
dmm_slot_017.json,dmm_slot_017,スマスロ ハナビ,legacy_full,1,reg_count,,1|2|5|6,4,4,1|1|1|1,2500|2500|2500|2500,True,394.8|358.1|313.6|282.5
dmm_slot_017.json,dmm_slot_017,スマスロ ハナビ,legacy_full,2,bonus_count,,1|2|5|6,4,4,0.7|0.7|0.7|0.7,3000|3000|3000|3000,True,169.8|161.0|149.3|138.8
dmm_slot_017.json,dmm_slot_017,スマスロ ハナビ,legacy_full,3,fuurin_count,,1|2|5|6,4,4,0.6|0.6|0.6|0.6,4000|4000|4000|4000,True,9.68|9.45|9.06|8.64
dmm_slot_017.json,dmm_slot_017,スマスロ ハナビ,legacy_full,4,big_count,,1|2|5|6,4,4,0.5|0.5|0.5|0.5,3000|3000|3000|3000,True,297.9|292.6|284.9|273.1
dmm_slot_018.json,dmm_slot_018,スマスロ 攻殻機動隊,legacy_full,1,at_count,,1|2|3|4|5|6,6,6,1|1|1|1|1|1,2500|2500|2500|2500|2500|2500,True,336.3|332.0|319.6|298.7|285.8|278.0
dmm_slot_018.json,dmm_slot_018,スマスロ 攻殻機動隊,legacy_full,2,cz_count,,1|2|3|4|5|6,6,6,0.7|0.7|0.7|0.7|0.7|0.7,3000|3000|3000|3000|3000|3000,True,238.0|236.3|231.7|220.9|214.0|210.1
dmm_slot_019.json,dmm_slot_019,L範馬刃牙,legacy_full,1,bonus_count,,1|2|3|4|5|6,6,6,1|1|1|1|1|1,2500|2500|2500|2500|2500|2500,True,269.4|265.7|258.3|252.1|251.0|250.1
dmm_slot_019.json,dmm_slot_019,L範馬刃牙,legacy_full,2,at_count,,1|2|3|4|5|6,6,6,0.7|0.7|0.7|0.7|0.7|0.7,3000|3000|3000|3000|3000|3000,True,525.3|517.1|503.2|484.5|481.9|480.4
dmm_slot_020.json,dmm_slot_020,Lパチスロ 炎炎ノ消防隊2,legacy_full,1,bonus_count,,1|2|3|4|5|6,6,6,1|1|1|1|1|1,2500|2500|2500|2500|2500|2500,True,272.0|269.0|257.0|242.0|236.0|227.0
dmm_slot_020.json,dmm_slot_020,Lパチスロ 炎炎ノ消防隊2,legacy_full,2,at_count,,1|2|3|4|5|6,6,6,0.7|0.7|0.7|0.7|0.7|0.7,3000|3000|3000|3000|3000|3000,True,684.0|662.0|617.0|546.0|518.0|486.0
dmm_slot_021.json,dmm_slot_021,ミクちゃんとイドムンのミラクルチャレンジ2,legacy_full,1,reg_count,,1|2|3|4|5|6,6,6,1|1|1|1|1|1,2500|2500|2500|2500|2500|2500,True,404.5|390.1|356.2|306.2|278.9|226.8
dmm_slot_021.json,dmm_slot_021,ミクちゃんとイドムンのミラクルチャレンジ2,legacy_full,2,bonus_count,,1|2|3|4|5|6,6,6,0.7|0.7|0.7|0.7|0.7|0.7,3000|3000|3000|3000|3000|3000,True,163.4|159.1|150.3|137.1|129.3|113.4
dmm_slot_021.json,dmm_slot_021,ミクちゃんとイドムンのミラクルチャレンジ2,legacy_full,3,cherry_count,,1|2|3|4|5|6,6,6,0.6|0.6|0.6|0.6|0.6|0.6,4000|4000|4000|4000|4000|4000,True,171.6|170.7|163.0|159.8|156.8|154.6
dmm_slot_021.json,dmm_slot_021,ミクちゃんとイドムンのミラクルチャレンジ2,legacy_full,4,big_count,,1|2|3|4|5|6,6,6,0.5|0.5|0.5|0.5|0.5|0.5,3000|3000|3000|3000|3000|3000,True,274.2|268.6|260.1|248.2|240.9|226.8
dmm_slot_022.json,dmm_slot_022,ニューシオサイ,legacy_full,1,reg_count,,1|2|3|4|5|6,6,6,1|1|1|1|1|1,2500|2500|2500|2500|2500|2500,True,546.1|537.2|500.3|474.9|442.8|409.6
dmm_slot_022.json,dmm_slot_022,ニューシオサイ,legacy_full,2,bonus_count,,1|2|3|4|5|6,6,6,0.7|0.7|0.7|0.7|0.7|0.7,3000|3000|3000|3000|3000|3000,True,185.1|181.5|172.9|165.1|154.6|144.4
dmm_slot_022.json,dmm_slot_022,ニューシオサイ,legacy_full,3,big_count,,1|2|3|4|5|6,6,6,0.6|0.6|0.6|0.6|0.6|0.6,3000|3000|3000|3000|3000|3000,True,280.1|274.2|264.3|253.0|237.4|222.9
dmm_slot_023.json,dmm_slot_023,パチスロ琉神−30 スイカバージョン,legacy_full,1,reg_count,,1|2|4|5|6,5,5,1|1|1|1|1,2500|2500|2500|2500|2500,True,505.6|499.4|485.2|470.5|460.7
dmm_slot_023.json,dmm_slot_023,パチスロ琉神−30 スイカバージョン,legacy_full,2,bonus_count,,1|2|4|5|6,5,5,0.7|0.7|0.7|0.7|0.7,3000|3000|3000|3000|3000,True,231.0|224.3|217.2|206.9|199.5
dmm_slot_023.json,dmm_slot_023,パチスロ琉神−30 スイカバージョン,legacy_full,3,big_count,,1|2|4|5|6,5,5,0.6|0.6|0.6|0.6|0.6,3000|3000|3000|3000|3000,True,428.5|410.8|395.2|372.7|355.4
dmm_slot_024.json,dmm_slot_024,L リングにかけろ1 V,legacy_full,1,bonus_count,,1|2|3|4|5|6,6,6,1|1|1|1|1|1,2500|2500|2500|2500|2500|2500,True,189.3|185.0|179.0|161.0|138.9|121.0
dmm_slot_024.json,dmm_slot_024,L リングにかけろ1 V,legacy_full,2,at_count,,1|2|3|4|5|6,6,6,0.7|0.7|0.7|0.7|0.7|0.7,3000|3000|3000|3000|3000|3000,True,516.0|497.0|467.0|393.0|305.0|236.0
dmm_slot_024.json,dmm_slot_024,L リングにかけろ1 V,legacy_full,3,cz_count,,1|2|3|4|5|6,6,6,0.6|0.6|0.6|0.6|0.6|0.6,3000|3000|3000|3000|3000|3000,True,288.0|281.0|273.0|267.0|251.0|241.0
dmm_slot_025.json,dmm_slot_025,Lラブ嬢3〜Wご指名はいかがですか？〜,legacy_full,1,at_count,,1|2|3|4|5|6,6,6,1|1|1|1|1|1,2500|2500|2500|2500|2500|2500,True,285.2|278.0|263.4|242.7|224.9|210.4
dmm_slot_025.json,dmm_slot_025,Lラブ嬢3〜Wご指名はいかがですか？〜,legacy_full,2,wlove_rush_count,,1|2|3|4|5|6,6,6,0.7|0.7|0.7|0.7|0.7|0.7,3000|3000|3000|3000|3000|3000,True,1831.1|1806.8|1719.7|1596.1|1471.7|1369.2
dmm_slot_026.json,dmm_slot_026,L花の慶次～佐渡攻めの章〜,legacy_full,1,bonus_count,,1|2|3|4|5|6,6,6,1|1|1|1|1|1,2500|2500|2500|2500|2500|2500,True,260.7|253.7|247.0|231.5|222.1|211.5
dmm_slot_026.json,dmm_slot_026,L花の慶次～佐渡攻めの章〜,legacy_full,2,at_count,,1|2|3|4|5|6,6,6,0.7|0.7|0.7|0.7|0.7|0.7,3000|3000|3000|3000|3000|3000,True,474.7|460.1|438.0|398.7|364.0|335.8
dmm_slot_027.json,dmm_slot_027,スマスロモンキーターンV,legacy_full,1,at_count,,1|2|4|5|6,5,5,1|1|1|1|1,2500|2500|2500|2500|2500,True,299.8|295.5|258.8|235.7|222.9
dmm_slot_028.json,dmm_slot_028,クランキークレスト,legacy_full,1,reg_count,,1|2|5|6,4,4,1|1|1|1,2500|2500|2500|2500,True,407.1|370.3|336.1|304.8
dmm_slot_028.json,dmm_slot_028,クランキークレスト,legacy_full,2,bonus_count,,1|2|5|6,4,4,0.7|0.7|0.7|0.7,3000|3000|3000|3000,True,164.3|157.9|147.3|138.6
dmm_slot_028.json,dmm_slot_028,クランキークレスト,legacy_full,3,bell_a_count,,1|2|5|6,4,4,0.6|0.6|0.6|0.6,4000|4000|4000|4000,True,12.7|12.4|12.1|11.8
dmm_slot_028.json,dmm_slot_028,クランキークレスト,legacy_full,4,big_count,,1|2|5|6,4,4,0.5|0.5|0.5|0.5,3000|3000|3000|3000,True,275.4|275.4|262.1|254.0
dmm_slot_029.json,dmm_slot_029,マジカルハロウィン８,legacy_full,1,reg_count,,1|2|3|4|5|6,6,6,1|1|1|1|1|1,2500|2500|2500|2500|2500|2500,True,376.5|372.3|368.2|360.2|356.0|348.6
dmm_slot_029.json,dmm_slot_029,マジカルハロウィン８,legacy_full,2,cz_count,,1|2|3|4|5|6,6,6,0.7|0.7|0.7|0.7|0.7|0.7,3000|3000|3000|3000|3000|3000,True,11336.0|4498.0|2479.0|1098.0|983.0|715.0
dmm_slot_029.json,dmm_slot_029,マジカルハロウィン８,legacy_full,3,at_count,,1|2|3|4|5|6,6,6,0.6|0.6|0.6|0.6|0.6|0.6,3000|3000|3000|3000|3000|3000,True,352.2|335.5|297.1|269.3|254.4|226.8
dmm_slot_029.json,dmm_slot_029,マジカルハロウィン８,legacy_full,4,big_count,,1|2|3|4|5|6,6,6,0.5|0.5|0.5|0.5|0.5|0.5,3000|3000|3000|3000|3000|3000,True,334.4|332.7|331.0|327.7|326.1|322.8
dmm_slot_031.json,dmm_slot_031,パチスロ ケンガンアシュラ,legacy_full,1,at_count,,1|2|3|4|5|6,6,6,1|1|1|1|1|1,2500|2500|2500|2500|2500|2500,True,399.6|389.9|354.5|315.4|285.5|256.2
dmm_slot_031.json,dmm_slot_031,パチスロ ケンガンアシュラ,legacy_full,2,cz_count,,1|2|3|4|5|6,6,6,0.7|0.7|0.7|0.7|0.7|0.7,3000|3000|3000|3000|3000|3000,True,177.6|177.1|170.3|161.2|154.0|145.9
dmm_slot_032.json,dmm_slot_032,Sちゅらちゅら,legacy_full,1,reg_count,,1|2|3|4|5|6,6,6,1|1|1|1|1|1,2500|2500|2500|2500|2500|2500,True,431.2|399.6|356.2|321.0|287.4|255.0
dmm_slot_032.json,dmm_slot_032,Sちゅらちゅら,legacy_full,2,bonus_count,,1|2|3|4|5|6,6,6,0.7|0.7|0.7|0.7|0.7|0.7,3000|3000|3000|3000|3000|3000,True,174.3|169.8|160.0|148.0|139.0|129.0
dmm_slot_032.json,dmm_slot_032,Sちゅらちゅら,legacy_full,3,big_count,,1|2|3|4|5|6,6,6,0.6|0.6|0.6|0.6|0.6|0.6,3000|3000|3000|3000|3000|3000,True,297.9|292.6|285.0|273.1|265.3|255.0
dmm_slot_033.json,dmm_slot_033,L ひぐらしのなく頃に 業,legacy_full,1,reg_count,,1|2|3|4|5|6,6,6,1|1|1|1|1|1,2500|2500|2500|2500|2500|2500,True,407.1|397.2|378.8|387.8|370.3|362.1
dmm_slot_033.json,dmm_slot_033,L ひぐらしのなく頃に 業,legacy_full,2,bonus_count,,1|2|3|4|5|6,6,6,0.7|0.7|0.7|0.7|0.7|0.7,3000|3000|3000|3000|3000|3000,True,196.8|192.2|188.3|184.1|180.0|176.2
dmm_slot_033.json,dmm_slot_033,L ひぐらしのなく頃に 業,legacy_full,3,common_bell_count,,1|2|3|4|5|6,6,6,0.6|0.6|0.6|0.6|0.6|0.6,4000|4000|4000|4000|4000|4000,True,23.54|23.03|22.34|21.88|21.44|21.01
dmm_slot_033.json,dmm_slot_033,L ひぐらしのなく頃に 業,legacy_full,4,suika_count,,1|2|3|4|5|6,6,6,0.6|0.6|0.6|0.6|0.6|0.6,4000|4000|4000|4000|4000|4000,True,107.26|105.19|103.53|101.76|100.05|98.25
dmm_slot_033.json,dmm_slot_033,L ひぐらしのなく頃に 業,legacy_full,5,big_count,,1|2|3|4|5|6,6,6,0.5|0.5|0.5|0.5|0.5|0.5,3000|3000|3000|3000|3000|3000,True,381.0|372.4|366.1|358.1|350.5|343.1
dmm_slot_034.json,dmm_slot_034,スマスロとある魔術の禁書目録,legacy_full,1,at_count,,1|2|3|4|5|6,6,6,1|1|1|1|1|1,2500|2500|2500|2500|2500|2500,True,370.7|360.9|343.6|301.3|278.0|266.5
dmm_slot_034.json,dmm_slot_034,スマスロとある魔術の禁書目録,legacy_full,2,cz_count,,1|2|3|4|5|6,6,6,0.7|0.7|0.7|0.7|0.7|0.7,3000|3000|3000|3000|3000|3000,True,191.6|188.4|181.0|161.1|152.6|146.7
dmm_slot_034.json,dmm_slot_034,スマスロとある魔術の禁書目録,legacy_full,3,ep_sp_count,,1|2|3|4|5|6,6,6,0.25|0.25|0.25|0.25|0.25|0.25,12000|12000|12000|12000|12000|12000,True,9007.3|6937.6|5479.3|3893.4|3423.5|2808.4
dmm_slot_035.json,dmm_slot_035,デジスロ JAC INバージョン,legacy_full,1,reg_count,,1|2|3|4,4,4,1|1|1|1,2500|2500|2500|2500,True,420.1|346.8|312.1|267.5
dmm_slot_035.json,dmm_slot_035,デジスロ JAC INバージョン,legacy_full,2,bonus_count,,1|2|3|4,4,4,0.7|0.7|0.7|0.7,3000|3000|3000|3000,True,166.8|153.8|146.0|133.7
dmm_slot_035.json,dmm_slot_035,デジスロ JAC INバージョン,legacy_full,3,big_count,,1|2|3|4,4,4,0.6|0.6|0.6|0.6,3000|3000|3000|3000,True,276.5|276.5|274.2|267.5
dmm_slot_036.json,dmm_slot_036,L大工の源さん超夢源,legacy_full,1,bonus_count,,1|2|4|5|6,5,5,1|1|1|1|1,2500|2500|2500|2500|2500,True,337.4|321.2|278.7|245.0|210.2
dmm_slot_036.json,dmm_slot_036,L大工の源さん超夢源,legacy_full,2,cz_count,,1|2|4|5|6,5,5,0.7|0.7|0.7|0.7|0.7,3000|3000|3000|3000|3000,True,1241.5|1088.7|1017.9|910.2|840.9
dmm_slot_037.json,dmm_slot_037,スマスロ劇場版 魔法少女まどか☆マギカ[前編]始まりの物語／[後編]永遠の物語f-フォルテ-,legacy_full,1,bonus_count,,1|2|3|4|5|6,6,6,1|1|1|1|1|1,2500|2500|2500|2500|2500|2500,True,251.2|243.9|223.4|210.2|197.7|187.5
dmm_slot_037.json,dmm_slot_037,スマスロ劇場版 魔法少女まどか☆マギカ[前編]始まりの物語／[後編]永遠の物語f-フォルテ-,legacy_full,2,weak_cherry_count,,1|2|3|4|5|6,6,6,0.6|0.6|0.6|0.6|0.6|0.6,4000|4000|4000|4000|4000|4000,True,79.9|79.0|77.1|75.3|73.6|72.0
dmm_slot_037.json,dmm_slot_037,スマスロ劇場版 魔法少女まどか☆マギカ[前編]始まりの物語／[後編]永遠の物語f-フォルテ-,legacy_full,3,soul_gem_count,,1|2|3|4|5|6,6,6,0.25|0.25|0.25|0.25|0.25|0.25,12000|12000|12000|12000|12000|12000,True,3.01|2.94|2.81|2.69|2.6|2.51
dmm_slot_038.json,dmm_slot_038,パチスロ交響詩篇エウレカセブン HI-EVOLUTION ZERO TYPE-ART,legacy_full,1,reg_count,,1|2|3|4|5|6,6,6,1|1|1|1|1|1,2500|2500|2500|2500|2500|2500,True,565.0|546.1|528.5|504.1|496.5|481.9
dmm_slot_038.json,dmm_slot_038,パチスロ交響詩篇エウレカセブン HI-EVOLUTION ZERO TYPE-ART,legacy_full,2,cz_count,,1|2|3|4|5|6,6,6,0.7|0.7|0.7|0.7|0.7|0.7,3000|3000|3000|3000|3000|3000,True,270.4|255.7|239.3|210.7|201.2|188.7
dmm_slot_038.json,dmm_slot_038,パチスロ交響詩篇エウレカセブン HI-EVOLUTION ZERO TYPE-ART,legacy_full,3,at_count,,1|2|3|4|5|6,6,6,0.6|0.6|0.6|0.6|0.6|0.6,3000|3000|3000|3000|3000|3000,True,159.7|154.8|151.0|141.4|138.1|133.2
dmm_slot_038.json,dmm_slot_038,パチスロ交響詩篇エウレカセブン HI-EVOLUTION ZERO TYPE-ART,legacy_full,4,big_count,,1|2|3|4|5|6,6,6,0.5|0.5|0.5|0.5|0.5|0.5,3000|3000|3000|3000|3000|3000,True,299.3|297.9|297.9|296.5|296.5|295.2
dmm_slot_039.json,dmm_slot_039,L エヴァンゲリオン ～未来への創造～,legacy_full,1,bonus_count,,1|2|4|5|6,5,5,1|1|1|1|1,2500|2500|2500|2500|2500,True,725.3|701.9|659.2|614.6|588.8
dmm_slot_039.json,dmm_slot_039,L エヴァンゲリオン ～未来への創造～,legacy_full,2,at_count,,1|2|4|5|6,5,5,0.7|0.7|0.7|0.7|0.7,3000|3000|3000|3000|3000,True,932.3|862.2|762.2|674.4|620.2
dmm_slot_040.json,dmm_slot_040,スーハナライジング-30,legacy_full,1,reg_count,,1|2|3|5|6,5,5,1|1|1|1|1,2500|2500|2500|2500|2500,True,213.0|209.0|202.0|193.0|185.0
dmm_slot_040.json,dmm_slot_040,スーハナライジング-30,legacy_full,2,bonus_count,,1|2|3|5|6,5,5,0.7|0.7|0.7|0.7|0.7,3000|3000|3000|3000|3000,True,91.0|88.0|84.0|78.0|74.0
dmm_slot_040.json,dmm_slot_040,スーハナライジング-30,legacy_full,3,common_bell_a_count,,1|2|3|5|6,5,5,0.6|0.6|0.6|0.6|0.6,4000|4000|4000|4000|4000,True,23.2|22.2|21.2|20.4|19.7
dmm_slot_040.json,dmm_slot_040,スーハナライジング-30,legacy_full,4,big_count,,1|2|3|5|6,5,5,0.5|0.5|0.5|0.5|0.5,3000|3000|3000|3000|3000,True,158.0|152.0|143.0|132.0|123.0
enen.json,enen,パチスロ 炎炎ノ消防隊,simple_reference,1,at_hit,AT初当り,,0,6,,,False,
enen.json,enen,パチスロ 炎炎ノ消防隊,simple_reference,2,cz,CZ確率,,0,6,,,False,
enen.json,enen,パチスロ 炎炎ノ消防隊,simple_reference,3,weak_cherry,弱チェリー,,0,6,,,False,
enen.json,enen,パチスロ 炎炎ノ消防隊,simple_reference,4,direct_at,AT直撃,,0,6,,,False,
eureka_zero.json,eureka_zero,エウレカセブン HI-EVOLUTION ZERO TYPE-ART,modern_inference,1,cz_probability,,1|2|3|4|5|6,6,6,1.0,500,False,0.004545454545454545|0.005|0.005555555555555556|0.00625|0.007142857142857143|0.008333333333333333
eureka_zero.json,eureka_zero,エウレカセブン HI-EVOLUTION ZERO TYPE-ART,modern_inference,2,at_probability,,1|2|3|4|5|6,6,6,1.2,500,False,0.002380952380952381|0.002631578947368421|0.0029411764705882353|0.0033333333333333335|0.0038461538461538464|0.004545454545454545
fire_force.json,fire_force,パチスロ 炎炎ノ消防隊,modern_inference,1,cz_probability,,1|2|3|4|5|6,6,6,1.0,500,False,0.004545454545454545|0.005|0.005555555555555556|0.00625|0.007142857142857143|0.008333333333333333
fire_force.json,fire_force,パチスロ 炎炎ノ消防隊,modern_inference,2,at_probability,,1|2|3|4|5|6,6,6,1.2,500,False,0.002380952380952381|0.002631578947368421|0.0029411764705882353|0.0033333333333333335|0.0038461538461538464|0.004545454545454545
funky_juggler_2.json,funky_juggler_2,ファンキージャグラー2,legacy_full,1,reg_count,,1|2|3|4|5|6,6,6,1|1|1|1|1|1,2500|2500|2500|2500|2500|2500,True,439.8|407.1|366.1|336.1|297.9|259.0
funky_juggler_2.json,funky_juggler_2,ファンキージャグラー2,legacy_full,2,grape_count,,1|2|3|4|5|6,6,6,0.7|0.7|0.7|0.7|0.7|0.7,4000|4000|4000|4000|4000|4000,True,5.96|5.92|5.89|5.84|5.8|5.76
funky_juggler_2.json,funky_juggler_2,ファンキージャグラー2,legacy_full,3,big_count,,1|2|3|4|5|6,6,6,0.6|0.6|0.6|0.6|0.6|0.6,3000|3000|3000|3000|3000|3000,True,266.4|259.0|256.0|249.0|240.1|222.2
ghost_shell.json,ghost_shell,スマスロ攻殻機動隊,modern_inference,1,cz_probability,,1|2|3|4|5|6,6,6,1.0,500,False,0.004545454545454545|0.005|0.005555555555555556|0.00625|0.007142857142857143|0.008333333333333333
ghost_shell.json,ghost_shell,スマスロ攻殻機動隊,modern_inference,2,at_probability,,1|2|3|4|5|6,6,6,1.2,500,False,0.002380952380952381|0.002631578947368421|0.0029411764705882353|0.0033333333333333335|0.0038461538461538464|0.004545454545454545
goblin_slayer.json,goblin_slayer,Lゴブリンスレイヤー,simple_reference,1,at_hit,AT初当り,,0,6,,,False,
goblin_slayer.json,goblin_slayer,Lゴブリンスレイヤー,simple_reference,2,cz,CZ確率,,0,6,,,False,
goblin_slayer.json,goblin_slayer,Lゴブリンスレイヤー,simple_reference,3,small_role,小役,,0,6,,,False,
goblin_slayer.json,goblin_slayer,Lゴブリンスレイヤー,simple_reference,4,direct_at,AT直撃,,0,6,,,False,
godzilla.json,godzilla,Lゴジラ,modern_inference,1,cz_probability,,1|2|3|4|5|6,6,6,1.0,500,False,0.005|0.005555555555555556|0.00625|0.007142857142857143|0.008333333333333333|0.01
gogo_juggler_3.json,gogo_juggler_3,ゴーゴージャグラー3,legacy_full,1,reg_count,,1|2|3|4|5|6,6,6,1|1|1|1|1|1,2500|2500|2500|2500|2500|2500,True,407.1|385.5|348.6|315.1|278.9|240.9
gogo_juggler_3.json,gogo_juggler_3,ゴーゴージャグラー3,legacy_full,2,grape_count,,1|2|3|4|5|6,6,6,0.7|0.7|0.7|0.7|0.7|0.7,4000|4000|4000|4000|4000|4000,True,5.97|5.93|5.88|5.82|5.77|5.72
gogo_juggler_3.json,gogo_juggler_3,ゴーゴージャグラー3,legacy_full,3,big_count,,1|2|3|4|5|6,6,6,0.6|0.6|0.6|0.6|0.6|0.6,3000|3000|3000|3000|3000|3000,True,269.7|266.4|259.0|252.1|240.1|228.0
hanma_baki.json,hanma_baki,L範馬刃牙,modern_inference,1,cz_probability,,1|2|3|4|5|6,6,6,1.0,500,False,0.004545454545454545|0.005|0.005555555555555556|0.00625|0.007142857142857143|0.008333333333333333
hanma_baki.json,hanma_baki,L範馬刃牙,modern_inference,2,at_probability,,1|2|3|4|5|6,6,6,1.2,500,False,0.002380952380952381|0.002631578947368421|0.0029411764705882353|0.0033333333333333335|0.0038461538461538464|0.004545454545454545
happy_juggler_v3.json,happy_juggler_v3,ハッピージャグラーV III,legacy_full,1,reg_count,,1|2|3|4|5|6,6,6,1|1|1|1|1|1,2500|2500|2500|2500|2500|2500,True,397.2|385.5|336.1|315.1|273.1|252.1
happy_juggler_v3.json,happy_juggler_v3,ハッピージャグラーV III,legacy_full,2,grape_count,,1|2|3|4|5|6,6,6,0.7|0.7|0.7|0.7|0.7|0.7,4000|4000|4000|4000|4000|4000,True,5.98|5.94|5.89|5.83|5.79|5.75
happy_juggler_v3.json,happy_juggler_v3,ハッピージャグラーV III,legacy_full,3,big_count,,1|2|3|4|5|6,6,6,0.6|0.6|0.6|0.6|0.6|0.6,3000|3000|3000|3000|3000|3000,True,273.1|270.8|263.2|256.0|246.3|233.2
hokuto.json,hokuto,L北斗の拳,legacy_full,1,at_count,,1|2|3|4|5|6,6,6,1.0|1.0|1.0|1.0|1.0|1.0,6|6|6|6|6|6,True,383.4|370.5|334.2|297.8|258.7|235.1
hokuto.json,hokuto,L北斗の拳,legacy_full,2,weak_suika_count,,1|2|3|4|5|6,6,6,0.72|0.72|0.72|0.72|0.72|0.72,28|28|28|28|28|28,True,109.0|108.7|107.3|105.9|100.7|98.3
hokuto.json,hokuto,L北斗の拳,legacy_full,3,strong_suika_count,,1|2|3|4|5|6,6,6,0.6|0.6|0.6|0.6|0.6|0.6,10|10|10|10|10|10,True,409.6|404.5|390.6|376.6|352.3|337.8
hokuto.json,hokuto,L北斗の拳,legacy_full,4,reach_role_count,,1|2|3|4|5|6,6,6,0.35|0.35|0.35|0.35|0.35|0.35,1|1|1|1|1|1,True,16384.0|13107.2|12014.9|10922.7|9362.3|8192.0
hokuto_tensei_2.json,hokuto_tensei_2,スマスロ 北斗の拳 転生の章2,legacy_full,1,at_count,,1|2|3|4|5|6,6,6,1.0|1.0|1.0|1.0|1.0|1.0,6|6|6|6|6|6,True,366.0|357.0|336.3|298.7|283.2|273.1
im_juggler_ex.json,im_juggler_ex,アイムジャグラーEX,legacy_full,1,reg_count,,1|2|3|4|5|6,6,6,1|1|1|1|1|1,2500|2500|2500|2500|2500|2500,True,439.8|399.6|331.0|315.1|255.0|255.0
im_juggler_ex.json,im_juggler_ex,アイムジャグラーEX,legacy_full,2,grape_count,,1|2|3|4|5|6,6,6,0.7|0.7|0.7|0.7|0.7|0.7,4000|4000|4000|4000|4000|4000,True,6.02|5.95|5.9|5.85|5.8|5.78
im_juggler_ex.json,im_juggler_ex,アイムジャグラーEX,legacy_full,3,big_count,,1|2|3|4|5|6,6,6,0.6|0.6|0.6|0.6|0.6|0.6,3000|3000|3000|3000|3000|3000,True,273.1|270.8|266.4|254.6|244.4|240.1
kabaneri.json,kabaneri,パチスロ 甲鉄城のカバネリ,legacy_full,1,bonus_count,,1|2|3|4|5|6,6,6,0.68|0.68|0.68|0.68|0.68|0.68,6|6|6|6|6|6,True,237.0|230.7|214.0|186.5|171.3|151.3
kabaneri.json,kabaneri,パチスロ 甲鉄城のカバネリ,legacy_full,2,at_count,,1|2|3|4|5|6,6,6,1.0|1.0|1.0|1.0|1.0|1.0,6|6|6|6|6|6,True,407.9|393.2|372.4|327.2|307.3|290.6
kabaneri.json,kabaneri,パチスロ 甲鉄城のカバネリ,legacy_full,3,common_bell_count,,1|2|3|4|5|6,6,6,1.6|1.6|1.6|1.6|1.6|1.6,80|80|80|80|80|80,True,26.6|26.6|25.9|25.4|24.9|24.2
kabaneri_kaimon.json,kabaneri_kaimon,スマスロ 甲鉄城のカバネリ 海門決戦,modern_inference,1,cz_probability,,1|2|3|4|5|6,6,6,1.0,500,False,0.004545454545454545|0.005|0.005555555555555556|0.00625|0.007142857142857143|0.008333333333333333
kabaneri_kaimon.json,kabaneri_kaimon,スマスロ 甲鉄城のカバネリ 海門決戦,modern_inference,2,at_probability,,1|2|3|4|5|6,6,6,1.2,500,False,0.002380952380952381|0.002631578947368421|0.0029411764705882353|0.0033333333333333335|0.0038461538461538464|0.004545454545454545
kamen_rider_denoh.json,kamen_rider_denoh,L仮面ライダー電王,modern_inference,1,cz_probability,,1|2|3|4|5|6,6,6,1.0,500,False,0.005|0.005555555555555556|0.00625|0.007142857142857143|0.008333333333333333|0.01
karakuri_circus.json,karakuri_circus,Lからくりサーカス,legacy_full,1,cz_count,,1|2|3|4|5|6,6,6,0.72|0.72|0.72|0.72|0.72|0.72,8|8|8|8|8|8,True,270.0|258.0|246.0|232.0|218.0|204.0
karakuri_circus.json,karakuri_circus,Lからくりサーカス,legacy_full,2,at_count,,1|2|3|4|5|6,6,6,1.0|1.0|1.0|1.0|1.0|1.0,6|6|6|6|6|6,True,540.0|505.0|470.0|430.0|390.0|350.0
kengan.json,kengan,Lケンガンアシュラ,modern_inference,1,cz_probability,,1|2|3|4|5|6,6,6,1.0,500,False,0.004545454545454545|0.005|0.005555555555555556|0.00625|0.007142857142857143|0.008333333333333333
kengan.json,kengan,Lケンガンアシュラ,modern_inference,2,at_probability,,1|2|3|4|5|6,6,6,1.2,500,False,0.002380952380952381|0.002631578947368421|0.0029411764705882353|0.0033333333333333335|0.0038461538461538464|0.004545454545454545
list_slot_001.json,list_slot_001,Lゴブリンスレイヤー,legacy_full,1,at_count,,1|2|3|4|5|6,6,6,0.95|0.95|0.95|0.95|0.95|0.95,4|4|4|4|4|4,True,547.9|538.4|517.7|492.3|470.5|435.7
list_slot_001.json,list_slot_001,Lゴブリンスレイヤー,legacy_full,2,common_bell_count,,1|2|3|4|5|6,6,6,1.3|1.3|1.3|1.3|1.3|1.3,30|30|30|30|30|30,True,102.4|97.5|93.1|86.2|81.9|71.9
list_slot_001.json,list_slot_001,Lゴブリンスレイヤー,legacy_full,3,cz_count,,1|2|3|4|5|6,6,6,0.58|0.58|0.58|0.58|0.58|0.58,8|8|8|8|8|8,True,226.0|223.0|215.0|204.0|196.0|184.0
list_slot_002.json,list_slot_002,L戦国乙女4 戦乱に閃く炯眼の軍師,legacy_full,1,bonus_count,,1|2|3|4|5|6,6,6,1|1|1|1|1|1,5|5|5|5|5|5,True,272.2|267.3|255.3|238.2|223.2|217.1
list_slot_002.json,list_slot_002,L戦国乙女4 戦乱に閃く炯眼の軍師,legacy_full,2,cz_count,,1|2|3|4|5|6,6,6,0.7|0.7|0.7|0.7|0.7|0.7,4|4|4|4|4|4,True,467.6|452.2|434.7|410.9|394.9|381.5
list_slot_002.json,list_slot_002,L戦国乙女4 戦乱に閃く炯眼の軍師,legacy_full,3,direct_hit_count,,1|2|3|4|5|6,6,6,0.25|0.25|0.25|0.25|0.25|0.25,1|1|1|1|1|1,True,10922.7|9362.3|8192|6553.6|5957.8|5461.3
list_slot_003.json,list_slot_003,スマスロ コードギアス反逆のルルーシュ／復活のルルーシュ,legacy_full,1,bonus_count,,1|2|3|4|5|6,6,6,1|1|1|1|1|1,5|5|5|5|5|5,True,282.9|278.1|260.6|244.1|229.2|217.5
list_slot_003.json,list_slot_003,スマスロ コードギアス反逆のルルーシュ／復活のルルーシュ,legacy_full,2,at_count,,1|2|3|4|5|6,6,6,0.7|0.7|0.7|0.7|0.7|0.7,4|4|4|4|4|4,True,439.5|432.1|403.3|355.9|320.3|296.1
list_slot_003.json,list_slot_003,スマスロ コードギアス反逆のルルーシュ／復活のルルーシュ,legacy_full,3,direct_hit_count,,1|2|3|4|5|6,6,6,0.25|0.25|0.25|0.25|0.25|0.25,1|1|1|1|1|1,True,6573.7|5904.7|4228.5|3124.5|2386.6|1991.5
list_slot_004.json,list_slot_004,パチスロコードギアス 反逆のルルーシュ3 C.C.&Kallen ver.,legacy_full,1,bonus_count,,1|2|3|4|5|6,6,6,1|1|1|1|1|1,8|8|8|8|8|8,True,198|193.9|184.6|169.8|157.9|148.9
list_slot_004.json,list_slot_004,パチスロコードギアス 反逆のルルーシュ3 C.C.&Kallen ver.,legacy_full,2,at_count,,1|2|3|4|5|6,6,6,0.6|0.6|0.6|0.6|0.6|0.6,1|1|1|1|1|1,True,993|993|963.8|595.8|425.6|331
list_slot_004.json,list_slot_004,パチスロコードギアス 反逆のルルーシュ3 C.C.&Kallen ver.,legacy_full,3,direct_hit_count,,1|2|3|4|5|6,6,6,0.25|0.25|0.25|0.25|0.25|0.25,1|1|1|1|1|1,True,16384|16384|10922.7|8192|5461.3|4096
list_slot_005.json,list_slot_005,L転生したらスライムだった件,legacy_full,1,at_count,,1|2|4|5|6,5,5,1|1|1|1|1,4|4|4|4|4,True,370|355|296|262|245
list_slot_005.json,list_slot_005,L転生したらスライムだった件,legacy_full,2,bonus_count,,1|2|4|5|6,5,5,0.7|0.7|0.7|0.7|0.7,6|6|6|6|6,True,248|236|230|229|226
list_slot_005.json,list_slot_005,L転生したらスライムだった件,legacy_full,3,direct_hit_count,,1|2|4|5|6,5,5,0.25|0.25|0.25|0.25|0.25,1|1|1|1|1,True,65536|32768|16384|8192|4096
list_slot_006.json,list_slot_006,スマスロ バイオハザード RE:2,legacy_full,1,at_count,,1|2|3|4|5|6,6,6,1.0|1.0|1.0|1.0|1.0|1.0,4|4|4|4|4|4,True,343.4|331.6|314.1|276.8|256.2|242.1
list_slot_006.json,list_slot_006,スマスロ バイオハザード RE:2,legacy_full,2,direct_hit_count,,1|2|3|4|5|6,6,6,0.45|0.45|0.45|0.45|0.45|0.45,1|1|1|1|1|1,True,9101|7419|6016|2914|2379|2094
list_slot_007.json,list_slot_007,L主役は銭形4,legacy_full,1,at_count,,1|2|3|4|5|6,6,6,1|1|1|1|1|1,2500|2500|2500|2500|2500|2500,True,367.9|365.3|348.3|329.0|314.5|305.8
list_slot_007.json,list_slot_007,L主役は銭形4,legacy_full,2,bonus_count,,1|2|3|4|5|6,6,6,0.7|0.7|0.7|0.7|0.7|0.7,3000|3000|3000|3000|3000|3000,True,98.3|98.2|97.9|97.6|97.3|97.0
list_slot_008.json,list_slot_008,Lストライクウィッチーズ2,legacy_full,1,bonus_count,,1|2|3|4|5|6,6,6,1|1|1|1|1|1,2500|2500|2500|2500|2500|2500,True,432.5|420.7|409.6|389.1|370.0|349.3
list_slot_008.json,list_slot_008,Lストライクウィッチーズ2,legacy_full,2,direct_hit_count,,1|2|3|4|5|6,6,6,0.25|0.25|0.25|0.25|0.25|0.25,12000|12000|12000|12000|12000|12000,True,8738.13|5825.42|4369.07|2912.71|2184.53|1747.63
list_slot_009.json,list_slot_009,L麻雀格闘倶楽部 覚醒,legacy_full,1,at_count,,1|2|3|4|5|6,6,6,1|1|1|1|1|1,2500|2500|2500|2500|2500|2500,True,246.8|236.3|223.9|208.9|172.9|141.6
list_slot_009.json,list_slot_009,L麻雀格闘倶楽部 覚醒,legacy_full,2,bell_count,,1|2|3|4|5|6,6,6,0.6|0.6|0.6|0.6|0.6|0.6,4000|4000|4000|4000|4000|4000,True,10.7|10.7|10.3|9.9|9.6|9.3
list_slot_010.json,list_slot_010,Lベルセルク無双,legacy_full,1,at_count,,1|2|4|5|6,5,5,1.1|1.1|1.1|1.1|1.1,4|4|4|4|4,True,390.3|373.8|292.5|260.9|238.4
list_slot_011.json,list_slot_011,押忍！番長4,legacy_full,1,bonus_count,,1|2|3|4|5|6,6,6,1.1|1.1|1.1|1.1|1.1|1.1,7|7|7|7|7|7,True,259.5|256.3|247.6|236.0|225.3|221.1
list_slot_011.json,list_slot_011,押忍！番長4,legacy_full,2,direct_hit_count,,1|2|3|4|5|6,6,6,0.55|0.55|0.55|0.55|0.55|0.55,2|2|2|2|2|2,True,6411.0|5624.0|4344.0|3053.0|2420.0|2150.0
list_slot_011.json,list_slot_011,押忍！番長4,legacy_full,3,common_bell_count,,1|2|3|4|5|6,6,6,0.65|0.65|0.65|0.65|0.65|0.65,120|120|120|120|120|120,True,21.8|21.6|21.4|21.2|21.0|20.6
list_slot_012.json,list_slot_012,L南国育ち,legacy_full,1,bonus_count,,1|2|3|5|6,5,5,1|1|1|1|1,2500|2500|2500|2500|2500,True,299.8|291.0|267.3|238.6|208.8
list_slot_012.json,list_slot_012,L南国育ち,legacy_full,2,direct_hit_count,,1|2|3|5|6,5,5,0.25|0.25|0.25|0.25|0.25,12000|12000|12000|12000|12000,True,40000.0|30000.0|20000.0|10000.0|7000.0
list_slot_013.json,list_slot_013,スマスロ痛いのは嫌なので防御力に極振りしたいと思います。,legacy_full,1,bonus_count,,1|2|3|4|5|6,6,6,1.0|1.0|1.0|1.0|1.0|1.0,5|5|5|5|5|5,True,319.0|309.8|307.1|266.8|257.1|229.7
list_slot_013.json,list_slot_013,スマスロ痛いのは嫌なので防御力に極振りしたいと思います。,legacy_full,2,cz_count,,1|2|3|4|5|6,6,6,0.85|0.85|0.85|0.85|0.85|0.85,4|4|4|4|4|4,True,2356.0|1587.3|1587.3|1204.8|1136.4|1087.0
list_slot_013.json,list_slot_013,スマスロ痛いのは嫌なので防御力に極振りしたいと思います。,legacy_full,3,direct_hit_count,,1|2|3|4|5|6,6,6,1.2|1.2|1.2|1.2|1.2|1.2,1|1|1|1|1|1,True,23560.0|17029.0|14743.0|6902.0|5663.0|4889.0
list_slot_013.json,list_slot_013,スマスロ痛いのは嫌なので防御力に極振りしたいと思います。,legacy_full,4,bell_count,,1|2|3|4|5|6,6,6,0.8|0.8|0.8|0.8|0.8|0.8,120|120|120|120|120|120,True,18.3|18.3|18.3|17.9|17.3|16.6
list_slot_014.json,list_slot_014,L東京喰種,legacy_full,1,at_count,,1|2|3|4|5|6,6,6,1|1|1|1|1|1,2500|2500|2500|2500|2500|2500,True,394.4|380.5|357.0|325.9|291.2|261.3
list_slot_014.json,list_slot_014,L東京喰種,legacy_full,2,cz_count,,1|2|3|4|5|6,6,6,0.7|0.7|0.7|0.7|0.7|0.7,3000|3000|3000|3000|3000|3000,True,262.6|255.6|246.5|233.1|216.4|203.7
list_slot_014.json,list_slot_014,L東京喰種,legacy_full,3,bonus_count,,1|2|3|4|5|6,6,6,0.6|0.6|0.6|0.6|0.6|0.6,3000|3000|3000|3000|3000|3000,True,6620.2|5879.7|5114.5|4062.5|3166.7|2639.5
list_slot_014.json,list_slot_014,L東京喰種,legacy_full,4,direct_hit_count,,1|2|3|4|5|6,6,6,0.25|0.25|0.25|0.25|0.25|0.25,12000|12000|12000|12000|12000|12000,True,28460.6|24453.5|18093.0|12019.5|8615.4|7036.8
list_slot_015.json,list_slot_015,Lアズールレーン THE ANIMATION,legacy_full,1,bonus_count,,1|2|3|4|5|6,6,6,1|1|1|1|1|1,2500|2500|2500|2500|2500|2500,True,167.4|166.5|164.3|161.3|158.9|156.0
list_slot_015.json,list_slot_015,Lアズールレーン THE ANIMATION,legacy_full,2,at_count,,1|2|3|4|5|6,6,6,0.7|0.7|0.7|0.7|0.7|0.7,3000|3000|3000|3000|3000|3000,True,598.9|589.5|564.2|527.1|469.4|467.5
list_slot_015.json,list_slot_015,Lアズールレーン THE ANIMATION,legacy_full,3,weak_cherry_count,,1|2|3|4|5|6,6,6,0.6|0.6|0.6|0.6|0.6|0.6,4000|4000|4000|4000|4000|4000,True,79.0|78.0|77.1|75.3|74.5|72.0
list_slot_015.json,list_slot_015,Lアズールレーン THE ANIMATION,legacy_full,4,weak_suika_count,,1|2|3|4|5|6,6,6,0.6|0.6|0.6|0.6|0.6|0.6,4000|4000|4000|4000|4000|4000,True,104.0|102.4|100.8|99.3|97.8|96.4
list_slot_015.json,list_slot_015,Lアズールレーン THE ANIMATION,legacy_full,5,direct_hit_count,,1|2|3|4|5|6,6,6,0.25|0.25|0.25|0.25|0.25|0.25,12000|12000|12000|12000|12000|12000,True,3665.8|3544.0|3056.6|2581.4|2331.5|2075.6
list_slot_016.json,list_slot_016,Lダーリン・イン・ザ・フランキス,legacy_full,1,bonus_count,,1|2|3|4|5|6,6,6,1|1|1|1|1|1,2500|2500|2500|2500|2500|2500,True,319.7|315.9|294.8|286.9|257.8|229.5
list_slot_016.json,list_slot_016,Lダーリン・イン・ザ・フランキス,legacy_full,2,cz_count,,1|2|3|4|5|6,6,6,0.7|0.7|0.7|0.7|0.7|0.7,3000|3000|3000|3000|3000|3000,True,126.6|127.3|125.5|126.6|121.2|119.1
list_slot_016.json,list_slot_016,Lダーリン・イン・ザ・フランキス,legacy_full,3,direct_hit_count,,1|2|3|4|5|6,6,6,0.25|0.25|0.25|0.25|0.25|0.25,12000|12000|12000|12000|12000|12000,True,219.6|219.3|207.5|207.0|181.3|170.8
list_slot_017.json,list_slot_017,L咲-Saki- 頂上決戦,legacy_full,1,at_count,,1|2|3|4|5|6,6,6,1|1|1|1|1|1,2500|2500|2500|2500|2500|2500,True,398.4|386.4|372.5|351.7|327.3|294.6
list_slot_017.json,list_slot_017,L咲-Saki- 頂上決戦,legacy_full,2,cz_count,,1|2|3|4|5|6,6,6,0.7|0.7|0.7|0.7|0.7|0.7,3000|3000|3000|3000|3000|3000,True,184.0|181.7|176.5|168.5|158.5|154.2
list_slot_018.json,list_slot_018,Lうしおととら 白面決戦,legacy_full,1,at_count,,1|2|3|4|5|6,6,6,1|1|1|1|1|1,2500|2500|2500|2500|2500|2500,True,397.3|389.6|378.0|365.6|360.0|356.1
list_slot_018.json,list_slot_018,Lうしおととら 白面決戦,legacy_full,2,cz_count,,1|2|3|4|5|6,6,6,0.7|0.7|0.7|0.7|0.7|0.7,3000|3000|3000|3000|3000|3000,True,178.0|175.6|169.7|164.5|161.9|159.0
list_slot_019.json,list_slot_019,Lゴジラ,legacy_full,1,cz_count,,1|2|3|4|5|6,6,6,1|1|1|1|1|1,2500|2500|2500|2500|2500|2500,True,306.9|304.0|303.0|302.1|299.6|295.5
list_slot_020.json,list_slot_020,L少女☆歌劇 レヴュースタァライト -The SLOT-,legacy_full,1,bonus_count,,1|2|4|5|6,5,5,1|1|1|1|1,2500|2500|2500|2500|2500,True,179.1|176.6|164.3|159.9|154.9
list_slot_020.json,list_slot_020,L少女☆歌劇 レヴュースタァライト -The SLOT-,legacy_full,2,at_count,,1|2|4|5|6,5,5,0.7|0.7|0.7|0.7|0.7,3000|3000|3000|3000|3000,True,359.6|346.8|277.1|255.7|232.5
list_slot_020.json,list_slot_020,L少女☆歌劇 レヴュースタァライト -The SLOT-,legacy_full,3,cz_count,,1|2|4|5|6,5,5,0.6|0.6|0.6|0.6|0.6,3000|3000|3000|3000|3000,True,265.9|254.7|207.6|190.3|179.5
list_slot_021.json,list_slot_021,L仮面ライダー電王,legacy_full,1,bonus_count,,1|2|4|5|6,5,5,1|1|1|1|1,2500|2500|2500|2500|2500,True,254.5|250.0|235.5|222.1|211.9
list_slot_021.json,list_slot_021,L仮面ライダー電王,legacy_full,2,at_count,,1|2|4|5|6,5,5,0.7|0.7|0.7|0.7|0.7,3000|3000|3000|3000|3000,True,477.7|466.9|430.6|398.3|376.6
list_slot_021.json,list_slot_021,L仮面ライダー電王,legacy_full,3,cz_count,,1|2|4|5|6,5,5,0.6|0.6|0.6|0.6|0.6,3000|3000|3000|3000|3000,True,1357.2|1285.4|1140.0|1015.8|920.2
list_slot_022.json,list_slot_022,Lありふれた職業で世界最強,legacy_full,1,bonus_count,,1|2|3|4|5|6,6,6,1|1|1|1|1|1,2500|2500|2500|2500|2500|2500,True,251|245|235|220|212|196
list_slot_022.json,list_slot_022,Lありふれた職業で世界最強,legacy_full,2,at_count,,1|2|3|4|5|6,6,6,0.7|0.7|0.7|0.7|0.7|0.7,3000|3000|3000|3000|3000|3000,True,395|382|360|323|301|268
list_slot_022.json,list_slot_022,Lありふれた職業で世界最強,legacy_full,3,cz_count,,1|2|3|4|5|6,6,6,0.6|0.6|0.6|0.6|0.6|0.6,3000|3000|3000|3000|3000|3000,True,523|513|497|471|455|420
list_slot_023.json,list_slot_023,Lパチスロ シン・エヴァンゲリオン,legacy_full,1,bonus_count,,1|2|3|4|5|6,6,6,1|1|1|1|1|1,2500|2500|2500|2500|2500|2500,True,291.1|283.5|264.5|236.6|224.8|212.5
list_slot_024.json,list_slot_024,Lにゃんこ大戦争 超神速,legacy_full,1,bonus_count,,1|2|4|5|6,5,5,1|1|1|1|1,2500|2500|2500|2500|2500,True,395|383|336|313|303
list_slot_024.json,list_slot_024,Lにゃんこ大戦争 超神速,legacy_full,2,cz_count,,1|2|4|5|6,5,5,0.7|0.7|0.7|0.7|0.7,3000|3000|3000|3000|3000,True,544|538|489|464|461
list_slot_025.json,list_slot_025,パチスロ 炎炎ノ消防隊,legacy_full,1,bonus_count,,1|2|4|5|6,5,5,1|1|1|1|1,2500|2500|2500|2500|2500,True,243.0|240.0|224.0|218.0|208.0
list_slot_025.json,list_slot_025,パチスロ 炎炎ノ消防隊,legacy_full,2,at_count,,1|2|4|5|6,5,5,0.7|0.7|0.7|0.7|0.7,3000|3000|3000|3000|3000,True,689.0|652.0|581.0|535.0|479.0
list_slot_026.json,list_slot_026,EVANGELION FESTIVAL,legacy_full,1,bonus_count,,1|2|3|4|5|6,6,6,1|1|1|1|1|1,2500|2500|2500|2500|2500|2500,True,230.0|220.7|214.8|184.5|173.9|136.9
list_slot_026.json,list_slot_026,EVANGELION FESTIVAL,legacy_full,2,cz_count,,1|2|3|4|5|6,6,6,0.7|0.7|0.7|0.7|0.7|0.7,3000|3000|3000|3000|3000|3000,True,386.8|377.6|379.7|326.3|327.0|261.2
list_slot_026.json,list_slot_026,EVANGELION FESTIVAL,legacy_full,3,at_count,,1|2|3|4|5|6,6,6,0.6|0.6|0.6|0.6|0.6|0.6,3000|3000|3000|3000|3000|3000,True,567.3|531.0|494.8|424.6|371.7|287.7
list_slot_027.json,list_slot_027,パチスロ アクエリオン ALL STARS,legacy_full,1,at_count,,1|2|4|5|6,5,5,1|1|1|1|1,2500|2500|2500|2500|2500,True,393.0|374.0|331.0|309.0|289.0
list_slot_027.json,list_slot_027,パチスロ アクエリオン ALL STARS,legacy_full,2,cz_count,,1|2|4|5|6,5,5,0.7|0.7|0.7|0.7|0.7,3000|3000|3000|3000|3000,True,220.0|206.0|176.0|167.0|159.0
list_slot_028.json,list_slot_028,パチスロ鉄拳5,legacy_full,1,bonus_count,,1|2|3|4|5|6,6,6,1|1|1|1|1|1,2500|2500|2500|2500|2500|2500,True,273.1|266.4|260.1|249.2|239.2|229.1
list_slot_028.json,list_slot_028,パチスロ鉄拳5,legacy_full,2,at_count,,1|2|3|4|5|6,6,6,0.7|0.7|0.7|0.7|0.7|0.7,3000|3000|3000|3000|3000|3000,True,475.2|468.2|454.3|427.0|401.2|369.2
list_slot_029.json,list_slot_029,パチスロ幼女戦記,legacy_full,1,bonus_count,,1|2|4|5|6,5,5,1|1|1|1|1,2500|2500|2500|2500|2500,True,241.5|234.3|205.5|183.7|157.9
list_slot_029.json,list_slot_029,パチスロ幼女戦記,legacy_full,2,at_count,,1|2|4|5|6,5,5,0.7|0.7|0.7|0.7|0.7,3000|3000|3000|3000|3000,True,636.8|642.1|565.4|531.4|491.6
list_slot_029.json,list_slot_029,パチスロ幼女戦記,legacy_full,3,common_9bell_count,,1|2|4|5|6,5,5,0.6|0.6|0.6|0.6|0.6,4000|4000|4000|4000|4000,True,71.4|63.1|54.7|51.3|49.0
list_slot_030.json,list_slot_030,スマスロ シャーマンキング,legacy_full,1,bonus_count,,1|2|3|4|5|6,6,6,1|1|1|1|1|1,2500|2500|2500|2500|2500|2500,True,288.0|280.0|268.4|248.1|227.6|207.1
list_slot_030.json,list_slot_030,スマスロ シャーマンキング,legacy_full,2,at_count,,1|2|3|4|5|6,6,6,0.7|0.7|0.7|0.7|0.7|0.7,3000|3000|3000|3000|3000|3000,True,573.6|553.2|523.0|461.2|412.8|367.3
list_slot_031.json,list_slot_031,パチスロ 新鬼武者2,legacy_full,1,at_count,,1|2|3|4|5|6,6,6,1|1|1|1|1|1,2500|2500|2500|2500|2500|2500,True,405.2|382.4|366.2|301.3|275.6|262.2
list_slot_031.json,list_slot_031,パチスロ 新鬼武者2,legacy_full,2,direct_hit_count,,1|2|3|4|5|6,6,6,0.25|0.25|0.25|0.25|0.25|0.25,12000|12000|12000|12000|12000|12000,True,40857.8|15321.7|10214.4|7660.8|7660.8|5107.2
list_slot_032.json,list_slot_032,FAIRY TAIL2,legacy_full,1,at_count,,1|2|3|4|5|6,6,6,1|1|1|1|1|1,2500|2500|2500|2500|2500|2500,True,459.3|432.1|393.9|337.4|321.7|273.6
list_slot_032.json,list_slot_032,FAIRY TAIL2,legacy_full,2,cz_count,,1|2|3|4|5|6,6,6,0.7|0.7|0.7|0.7|0.7|0.7,3000|3000|3000|3000|3000|3000,True,242.1|234.5|223.5|206.7|201.8|187.1
list_slot_033.json,list_slot_033,ペルソナ5,legacy_full,1,bonus_count,,1|2|3|4|5|6,6,6,1|1|1|1|1|1,2500|2500|2500|2500|2500|2500,True,127.5|125.2|122.0|118.6|116.0|111.0
list_slot_033.json,list_slot_033,ペルソナ5,legacy_full,2,at_count,,1|2|3|4|5|6,6,6,0.7|0.7|0.7|0.7|0.7|0.7,3000|3000|3000|3000|3000|3000,True,338.8|322.6|321.1|290.0|289.7|251.5
list_slot_034.json,list_slot_034,パチスロ盾の勇者の成り上がり,legacy_full,1,at_count,,1|2|3|4|5|6,6,6,1|1|1|1|1|1,2500|2500|2500|2500|2500|2500,True,298.9|284.0|274.3|246.7|228.5|190.5
list_slot_035.json,list_slot_035,S BOØWY,legacy_full,1,at_count,,1|2|4|5|6,5,5,1|1|1|1|1,2500|2500|2500|2500|2500,True,498.0|464.0|377.0|325.0|294.0
list_slot_036.json,list_slot_036,バイオハザード ヴィレッジ,legacy_full,1,bonus_count,,1|2|3|4|5|6,6,6,1|1|1|1|1|1,2500|2500|2500|2500|2500|2500,True,281.5|275.3|264.5|240.3|229.3|224.2
list_slot_036.json,list_slot_036,バイオハザード ヴィレッジ,legacy_full,2,at_count,,1|2|3|4|5|6,6,6,0.7|0.7|0.7|0.7|0.7|0.7,3000|3000|3000|3000|3000|3000,True,445.3|434.1|415.7|372.9|354.4|342.8
list_slot_036.json,list_slot_036,バイオハザード ヴィレッジ,legacy_full,3,weak_cherry_count,,1|2|3|4|5|6,6,6,0.6|0.6|0.6|0.6|0.6|0.6,4000|4000|4000|4000|4000|4000,True,98.85|96.66|95.26|90.27|88.68|87.15
list_slot_037.json,list_slot_037,パチスロ ダンジョンに出会いを求めるのは間違っているだろうか2,legacy_full,1,bonus_count,,1|2|3|4|5|6,6,6,1|1|1|1|1|1,2500|2500|2500|2500|2500|2500,True,183.6|178.6|173.8|164.7|158.3|152.4
list_slot_037.json,list_slot_037,パチスロ ダンジョンに出会いを求めるのは間違っているだろうか2,legacy_full,2,big_count,,1|2|3|4|5|6,6,6,0.7|0.7|0.7|0.7|0.7|0.7,3000|3000|3000|3000|3000|3000,True,255.0|245.4|236.6|219.9|208.7|198.6
list_slot_037.json,list_slot_037,パチスロ ダンジョンに出会いを求めるのは間違っているだろうか2,legacy_full,3,reg_count,,1|2|3|4|5|6,6,6,0.7|0.7|0.7|0.7|0.7|0.7,3000|3000|3000|3000|3000|3000,True,655.4|537.2|448.4|385.5|347.6|319.7
list_slot_037.json,list_slot_037,パチスロ ダンジョンに出会いを求めるのは間違っているだろうか2,legacy_full,4,at_count,,1|2|3|4|5|6,6,6,0.6|0.6|0.6|0.6|0.6|0.6,3000|3000|3000|3000|3000|3000,True,493.7|476.0|461.3|393.2|373.5|354.7
list_slot_038.json,list_slot_038,Re:ゼロから始める異世界生活 season2,legacy_full,1,at_count,,1|2|3|4|5|6,6,6,1|1|1|1|1|1,2500|2500|2500|2500|2500|2500,True,417.2|408.5|387.1|354.3|332.9|305.4
list_slot_039.json,list_slot_039,この素晴らしい世界に祝福を！,legacy_full,1,at_count,,1|2|3|4|5|6,6,6,1|1|1|1|1|1,2500|2500|2500|2500|2500|2500,True,261.5|251.6|247.5|233.5|230.8|216.9
list_slot_040.json,list_slot_040,Lルパン三世 大航海者の秘宝,legacy_full,1,bonus_count,,1|2|3|4|5|6,6,6,1|1|1|1|1|1,2500|2500|2500|2500|2500|2500,True,920.1|879.1|831.3|685.2|633.5|636.9
list_slot_040.json,list_slot_040,Lルパン三世 大航海者の秘宝,legacy_full,2,at_count,,1|2|3|4|5|6,6,6,0.7|0.7|0.7|0.7|0.7|0.7,3000|3000|3000|3000|3000|3000,True,421.5|401.4|383.9|355.1|345.6|327.5
list_slot_040.json,list_slot_040,Lルパン三世 大航海者の秘宝,legacy_full,3,cz_count,,1|2|3|4|5|6,6,6,0.6|0.6|0.6|0.6|0.6|0.6,3000|3000|3000|3000|3000|3000,True,211.5|210.0|204.9|199.7|199.0|198.0
list_slot_041.json,list_slot_041,黄門ちゃま天,legacy_full,1,at_count,,1|2|3|4|5|6,6,6,1|1|1|1|1|1,2500|2500|2500|2500|2500|2500,True,398.5|384.6|354.2|313.5|285.0|271.1
list_slot_042.json,list_slot_042,ニューパルサーSP4,legacy_full,1,reg_count,,1|2|3|4|5|6,6,6,1|1|1|1|1|1,2500|2500|2500|2500|2500|2500,True,344.9|336.1|327.7|312.1|297.9|284.9
list_slot_042.json,list_slot_042,ニューパルサーSP4,legacy_full,2,bonus_count,,1|2|3|4|5|6,6,6,0.7|0.7|0.7|0.7|0.7|0.7,3000|3000|3000|3000|3000|3000,True,156.8|152.8|148.9|141.9|135.4|129.5
list_slot_042.json,list_slot_042,ニューパルサーSP4,legacy_full,3,big_count,,1|2|3|4|5|6,6,6,0.6|0.6|0.6|0.6|0.6|0.6,3000|3000|3000|3000|3000|3000,True,287.4|280.1|273.1|260.1|248.2|237.4
list_slot_043.json,list_slot_043,ニューパルサーDX3,legacy_full,1,reg_count,,1|2|3|4|6,5,5,1|1|1|1|1,2500|2500|2500|2500|2500,True,356.2|348.6|337.8|292.6|273.1
list_slot_043.json,list_slot_043,ニューパルサーDX3,legacy_full,2,bonus_count,,1|2|3|4|6,5,5,0.7|0.7|0.7|0.7|0.7,3000|3000|3000|3000|3000,True,168.0|165.5|160.6|145.6|136.5
list_slot_043.json,list_slot_043,ニューパルサーDX3,legacy_full,3,big_count,,1|2|3|4|6,5,5,0.6|0.6|0.6|0.6|0.6,3000|3000|3000|3000|3000,True,318.1|315.1|306.2|290.0|273.1
list_slot_044.json,list_slot_044,ハナビ,legacy_full,1,reg_count,,1|2|5|6,4,4,1|1|1|1,2500|2500|2500|2500,True,356.2|331.0|306.2|280.1
list_slot_044.json,list_slot_044,ハナビ,legacy_full,2,bonus_count,,1|2|5|6,4,4,0.7|0.7|0.7|0.7,3000|3000|3000|3000,True,156.0|148.3|139.4|131.6
list_slot_044.json,list_slot_044,ハナビ,legacy_full,3,bell_count,,1|2|5|6,4,4,0.6|0.6|0.6|0.6,4000|4000|4000|4000,True,7.65|7.62|7.2|7.14
list_slot_044.json,list_slot_044,ハナビ,legacy_full,4,big_count,,1|2|5|6,4,4,0.5|0.5|0.5|0.5,3000|3000|3000|3000,True,277.7|268.6|256.0|248.2
list_slot_045.json,list_slot_045,バーサスリヴァイズ,legacy_full,1,reg_count,,1|2|5|6,4,4,1|1|1|1,2500|2500|2500|2500,True,374.5|341.3|319.7|292.6
list_slot_045.json,list_slot_045,バーサスリヴァイズ,legacy_full,2,bonus_count,,1|2|5|6,4,4,0.7|0.7|0.7|0.7,3000|3000|3000|3000,True,164.3|155.3|147.9|138.8
list_slot_045.json,list_slot_045,バーサスリヴァイズ,legacy_full,3,bell_count,,1|2|5|6,4,4,0.6|0.6|0.6|0.6,4000|4000|4000|4000,True,7.2|7.1|6.9|6.8
list_slot_045.json,list_slot_045,バーサスリヴァイズ,legacy_full,4,vs_game_miss_count,,1|2|5|6,4,4,0.25|0.25|0.25|0.25,12000|12000|12000|12000,True,10.1|9.4|8.7|8.1
list_slot_045.json,list_slot_045,バーサスリヴァイズ,legacy_full,5,big_count,,1|2|5|6,4,4,0.5|0.5|0.5|0.5,3000|3000|3000|3000,True,292.6|284.9|275.4|264.3
list_slot_046.json,list_slot_046,サンダーVライトニング,legacy_full,1,big_count,,1|2|5|6,4,4,1|1|1|1,2500|2500|2500|2500,True,277.7|277.7|264.3|256.0
list_slot_047.json,list_slot_047,アレックス ブライト,legacy_full,1,reg_count,,1|2|5|6,4,4,1|1|1|1,2500|2500|2500|2500,True,428.3|409.6|366.1|312.1
list_slot_047.json,list_slot_047,アレックス ブライト,legacy_full,2,bonus_count,,1|2|5|6,4,4,0.7|0.7|0.7|0.7,3000|3000|3000|3000,True,179.6|174.3|163.4|149.6
list_slot_047.json,list_slot_047,アレックス ブライト,legacy_full,3,feather_count,,1|2|5|6,4,4,0.6|0.6|0.6|0.6,4000|4000|4000|4000,True,13.4|13.0|12.6|12.2
list_slot_047.json,list_slot_047,アレックス ブライト,legacy_full,4,three_coin_role_count,,1|2|5|6,4,4,0.6|0.6|0.6|0.6,4000|4000|4000|4000,True,40.5|38.1|39.2|38.3
list_slot_047.json,list_slot_047,アレックス ブライト,legacy_full,5,cherry_count,,1|2|5|6,4,4,0.6|0.6|0.6|0.6,4000|4000|4000|4000,True,21.1|21.1|19.9|19.7
list_slot_047.json,list_slot_047,アレックス ブライト,legacy_full,6,big_count,,1|2|5|6,4,4,0.5|0.5|0.5|0.5,3000|3000|3000|3000,True,309.1|303.4|295.2|287.4
list_slot_048.json,list_slot_048,ディスクアップ2,legacy_full,1,reg_count,,1|2|5|6,4,4,1|1|1|1,2500|2500|2500|2500,True,496.5|436.9|422.8|397.2
list_slot_048.json,list_slot_048,ディスクアップ2,legacy_full,2,bonus_count,,1|2|5|6,4,4,0.7|0.7|0.7|0.7,3000|3000|3000|3000,True,182.0|172.9|168.0|163.0
list_slot_048.json,list_slot_048,ディスクアップ2,legacy_full,3,big_count,,1|2|5|6,4,4,0.6|0.6|0.6|0.6,3000|3000|3000|3000,True,287.4|286.2|278.9|276.5
list_slot_049.json,list_slot_049,A-SLOT+ ディスクアップ ULTRAREMIX,legacy_full,1,reg_count,,1|2|5|6,4,4,1|1|1|1,2500|2500|2500|2500,True,495.3|477.2|398.6|334.1
list_slot_049.json,list_slot_049,A-SLOT+ ディスクアップ ULTRAREMIX,legacy_full,2,bonus_count,,1|2|5|6,4,4,0.7|0.7|0.7|0.7,3000|3000|3000|3000,True,181.8|178.2|162.3|146.5
list_slot_049.json,list_slot_049,A-SLOT+ ディスクアップ ULTRAREMIX,legacy_full,3,three_coin_role_count,,1|2|5|6,4,4,0.6|0.6|0.6|0.6,4000|4000|4000|4000,True,13.7|13.4|12.9|12.6
list_slot_049.json,list_slot_049,A-SLOT+ ディスクアップ ULTRAREMIX,legacy_full,4,suika_count,,1|2|5|6,4,4,0.6|0.6|0.6|0.6,4000|4000|4000|4000,True,49.3|49.0|47.5|45.7
list_slot_049.json,list_slot_049,A-SLOT+ ディスクアップ ULTRAREMIX,legacy_full,5,big_count,,1|2|5|6,4,4,0.5|0.5|0.5|0.5,3000|3000|3000|3000,True,287.2|284.3|273.8|260.9
list_slot_050.json,list_slot_050,ファミスタ回胴版!!,legacy_full,1,reg_count,,1|2|5|6,4,4,1|1|1|1,2500|2500|2500|2500,True,455.1|414.8|381.0|356.2
list_slot_050.json,list_slot_050,ファミスタ回胴版!!,legacy_full,2,bonus_count,,1|2|5|6,4,4,0.7|0.7|0.7|0.7,3000|3000|3000|3000,True,182.0|174.8|168.0|162.6
list_slot_050.json,list_slot_050,ファミスタ回胴版!!,legacy_full,3,big_count,,1|2|5|6,4,4,0.6|0.6|0.6|0.6,3000|3000|3000|3000,True,303.4|302.0|300.6|299.3
list_slot_051.json,list_slot_051,沖ドキ！GOLD,legacy_full,1,reg_count,,1|2|3|5|6,5,5,1|1|1|1|1,2500|2500|2500|2500|2500,True,368.7|346.2|324.0|297.9|276.5
list_slot_051.json,list_slot_051,沖ドキ！GOLD,legacy_full,2,bonus_count,,1|2|3|5|6,5,5,0.7|0.7|0.7|0.7|0.7,3000|3000|3000|3000|3000,True,299.6|287.3|266.7|247.6|237.0
list_slot_051.json,list_slot_051,沖ドキ！GOLD,legacy_full,3,big_count,,1|2|3|5|6,5,5,0.6|0.6|0.6|0.6|0.6,3000|3000|3000|3000|3000,True,175.3|168.3|157.7|143.0|134.0
list_slot_052.json,list_slot_052,沖ドキ！DUO,legacy_full,1,bonus_count,,1|2|3|4|5|6,6,6,1|1|1|1|1|1,2500|2500|2500|2500|2500|2500,True,255.1|244.4|228.4|216.7|206.1|196.8
list_slot_053.json,list_slot_053,スマート沖スロ 沖ドキ！DUO-30 アンコール,legacy_full,1,bonus_count,,1|2|3|5|6,5,5,1|1|1|1|1,2500|2500|2500|2500|2500,True,240.0|230.2|215.8|192.1|181.0
list_slot_054.json,list_slot_054,チバリヨ2プラス,legacy_full,1,bonus_count,,1|2|4|5|6,5,5,1|1|1|1|1,2500|2500|2500|2500|2500,True,328.0|313.0|280.0|251.0|224.0
list_slot_055.json,list_slot_055,スマート沖スロ スターハナハナ,legacy_full,1,reg_count,,1|2|3|4|5|6,6,6,1|1|1|1|1|1,2500|2500|2500|2500|2500|2500,True,387.0|354.0|322.0|293.0|267.0|242.0
list_slot_055.json,list_slot_055,スマート沖スロ スターハナハナ,legacy_full,2,bonus_count,,1|2|3|4|5|6,6,6,0.7|0.7|0.7|0.7|0.7|0.7,3000|3000|3000|3000|3000|3000,True,159.0|150.0|141.0|132.0|123.0|114.0
list_slot_055.json,list_slot_055,スマート沖スロ スターハナハナ,legacy_full,3,big_count,,1|2|3|4|5|6,6,6,0.6|0.6|0.6|0.6|0.6|0.6,3000|3000|3000|3000|3000|3000,True,270.0|262.0|252.0|240.0|229.0|218.0
list_slot_056.json,list_slot_056,スマート沖スロ ニューキングハナハナ-30,legacy_full,1,reg_count,,1|2|3|4|5,5,5,1|1|1|1|1,2500|2500|2500|2500|2500,True,496.0|471.0|442.0|409.0|372.0
list_slot_056.json,list_slot_056,スマート沖スロ ニューキングハナハナ-30,legacy_full,2,bonus_count,,1|2|3|4|5,5,5,0.7|0.7|0.7|0.7|0.7,3000|3000|3000|3000|3000,True,186.0|180.0|172.0|162.0|150.0
list_slot_056.json,list_slot_056,スマート沖スロ ニューキングハナハナ-30,legacy_full,3,big_count,,1|2|3|4|5,5,5,0.6|0.6|0.6|0.6|0.6,3000|3000|3000|3000|3000,True,299.0|291.0|281.0|268.0|253.0
list_slot_057.json,list_slot_057,ニューキングハナハナ-30,legacy_full,1,reg_count,,1|2|3|4|5,5,5,1|1|1|1|1,2500|2500|2500|2500|2500,True,496.0|471.0|442.0|409.0|372.0
list_slot_057.json,list_slot_057,ニューキングハナハナ-30,legacy_full,2,bonus_count,,1|2|3|4|5,5,5,0.7|0.7|0.7|0.7|0.7,3000|3000|3000|3000|3000,True,186.0|180.0|172.0|162.0|150.0
list_slot_057.json,list_slot_057,ニューキングハナハナ-30,legacy_full,3,big_count,,1|2|3|4|5,5,5,0.6|0.6|0.6|0.6|0.6,3000|3000|3000|3000|3000,True,299.0|291.0|281.0|268.0|253.0
list_slot_058.json,list_slot_058,ドラゴンハナハナ～閃光～ 30,legacy_full,1,reg_count,,1|2|3|4|5|6,6,6,1|1|1|1|1|1,2500|2500|2500|2500|2500|2500,True,642.0|585.0|537.0|489.0|442.0|399.0
list_slot_058.json,list_slot_058,ドラゴンハナハナ～閃光～ 30,legacy_full,2,bonus_count,,1|2|3|4|5|6,6,6,0.7|0.7|0.7|0.7|0.7|0.7,3000|3000|3000|3000|3000|3000,True,183.0|173.0|163.0|153.0|143.0|133.0
list_slot_058.json,list_slot_058,ドラゴンハナハナ～閃光～ 30,legacy_full,3,big_count,,1|2|3|4|5|6,6,6,0.6|0.6|0.6|0.6|0.6|0.6,3000|3000|3000|3000|3000|3000,True,256.0|246.0|235.0|224.0|212.0|199.0
list_slot_059.json,list_slot_059,キングハナハナ-30,legacy_full,1,reg_count,,1|2|3|4|5|6,6,6,1|1|1|1|1|1,2500|2500|2500|2500|2500|2500,True,489.0|452.0|420.0|390.0|360.0|332.0
list_slot_059.json,list_slot_059,キングハナハナ-30,legacy_full,2,bonus_count,,1|2|3|4|5|6,6,6,0.7|0.7|0.7|0.7|0.7|0.7,3000|3000|3000|3000|3000|3000,True,183.0|172.0|163.0|154.0|145.0|136.0
list_slot_059.json,list_slot_059,キングハナハナ-30,legacy_full,3,big_count,,1|2|3|4|5|6,6,6,0.6|0.6|0.6|0.6|0.6|0.6,3000|3000|3000|3000|3000|3000,True,292.0|280.0|268.0|257.0|244.0|232.0
list_slot_060.json,list_slot_060,ハナハナホウオウ～天翔～-30,legacy_full,1,reg_count,,1|2|3|4|5|6,6,6,1|1|1|1|1|1,2500|2500|2500|2500|2500|2500,True,496.0|458.0|425.0|397.0|366.0|337.0
list_slot_060.json,list_slot_060,ハナハナホウオウ～天翔～-30,legacy_full,2,bonus_count,,1|2|3|4|5|6,6,6,0.7|0.7|0.7|0.7|0.7|0.7,3000|3000|3000|3000|3000|3000,True,186.0|175.0|166.0|157.0|148.0|139.0
list_slot_060.json,list_slot_060,ハナハナホウオウ～天翔～-30,legacy_full,3,big_count,,1|2|3|4|5|6,6,6,0.6|0.6|0.6|0.6|0.6|0.6,3000|3000|3000|3000|3000|3000,True,297.0|284.0|273.0|262.0|249.0|236.0
list_slot_061.json,list_slot_061,麻雀物語,legacy_full,1,bonus_count,,1|2|3|4|5|6,6,6,1|1|1|1|1|1,2500|2500|2500|2500|2500|2500,True,354.1|349.2|342.1|328.8|326.0|323.8
list_slot_061.json,list_slot_061,麻雀物語,legacy_full,2,at_count,,1|2|3|4|5|6,6,6,0.7|0.7|0.7|0.7|0.7|0.7,3000|3000|3000|3000|3000|3000,True,615.2|600.3|580.5|545.5|537.9|531.4
list_slot_061.json,list_slot_061,麻雀物語,legacy_full,3,big_count,,1|2|3|4|5|6,6,6,0.6|0.6|0.6|0.6|0.6|0.6,3000|3000|3000|3000|3000|3000,True,433.3|431.8|426.6|420.2|417.9|416.5
list_slot_061.json,list_slot_061,麻雀物語,legacy_full,4,direct_hit_count,,1|2|3|4|5|6,6,6,0.25|0.25|0.25|0.25|0.25|0.25,12000|12000|12000|12000|12000|12000,True,15142.4|10716.9|8351.0|5164.8|4886.1|4631.9
list_slot_062.json,list_slot_062,戦姫絶唱シンフォギア 正義の歌,legacy_full,1,at_count,,1|2|4|5|6,5,5,1|1|1|1|1,2500|2500|2500|2500|2500,True,295.0|285.0|250.0|227.0|199.0
list_slot_062.json,list_slot_062,戦姫絶唱シンフォギア 正義の歌,legacy_full,2,direct_hit_count,,1|2|4|5|6,5,5,0.25|0.25|0.25|0.25|0.25,12000|12000|12000|12000|12000,True,13000.0|10900.0|4600.0|2900.0|2500.0
list_slot_063.json,list_slot_063,Lパチスロうみねこのなく頃に2,legacy_full,1,bonus_count,,1|2|3|4|5|6,6,6,1|1|1|1|1|1,2500|2500|2500|2500|2500|2500,True,189.4|184.6|179.1|174.8|170.7|167.6
list_slot_063.json,list_slot_063,Lパチスロうみねこのなく頃に2,legacy_full,2,direct_hit_count,,1|2|3|4|5|6,6,6,0.25|0.25|0.25|0.25|0.25|0.25,12000|12000|12000|12000|12000|12000,True,555.4|474.9|442.8|300.6|268.6|258.0
lovejo3.json,lovejo3,ラブ嬢3～Wご指名はいかがですか？～,modern_inference,1,cz_probability,,1|2|3|4|5|6,6,6,1.0,500,False,0.004545454545454545|0.005|0.005555555555555556|0.00625|0.007142857142857143|0.008333333333333333
lovejo3.json,lovejo3,ラブ嬢3～Wご指名はいかがですか？～,modern_inference,2,at_probability,,1|2|3|4|5|6,6,6,1.2,500,False,0.002380952380952381|0.002631578947368421|0.0029411764705882353|0.0033333333333333335|0.0038461538461538464|0.004545454545454545
madoka_forte.json,madoka_forte,劇場版魔法少女まどか☆マギカ f-フォルテ-,modern_inference,1,cz_probability,,1|2|3|4|5|6,6,6,1.0,500,False,0.005|0.005555555555555556|0.00625|0.007142857142857143|0.008333333333333333|0.01
monkey_turn_v.json,monkey_turn_v,スマスロ モンキーターンV,simple_reference,1,at_hit,AT初当り,,0,6,,,False,
monkey_turn_v.json,monkey_turn_v,スマスロ モンキーターンV,simple_reference,2,sg,SG突入率,,0,6,,,False,
monkey_turn_v.json,monkey_turn_v,スマスロ モンキーターンV,simple_reference,3,weak_cherry,弱チェリー,,0,6,,,False,
monkey_turn_v.json,monkey_turn_v,スマスロ モンキーターンV,simple_reference,4,direct_at,AT直撃,,0,6,,,False,
monster_hunter_rise.json,monster_hunter_rise,スマスロ モンスターハンターライズ,legacy_full,1,cz_count,,1|2|3|4|5|6,6,6,0.72|0.72|0.72|0.72|0.72|0.72,8|8|8|8|8|8,True,255.0|245.0|235.0|223.0|212.0|200.0
monster_hunter_rise.json,monster_hunter_rise,スマスロ モンスターハンターライズ,legacy_full,2,at_count,,1|2|3|4|5|6,6,6,1.0|1.0|1.0|1.0|1.0|1.0,6|6|6|6|6|6,True,510.0|480.0|450.0|415.0|385.0|350.0
monster_hunter_rise.json,monster_hunter_rise,スマスロ モンスターハンターライズ,legacy_full,3,bonus_count,,1|2|3|4|5|6,6,6,0.3|0.3|0.3|0.3|0.3|0.3,6|6|6|6|6|6,True,330.0|315.0|300.0|282.0|268.0|250.0
monster_hunter_rise.json,monster_hunter_rise,スマスロ モンスターハンターライズ,legacy_full,4,direct_hit_count,,1|2|3|4|5|6,6,6,0.35|0.35|0.35|0.35|0.35|0.35,2|2|2|2|2|2,True,2100.0|1750.0|1450.0|1180.0|920.0|720.0
monster_hunter_rise.json,monster_hunter_rise,スマスロ モンスターハンターライズ,legacy_full,5,weak_cherry_count,,1|2|3|4|5|6,6,6,0.68|0.68|0.68|0.68|0.68|0.68,25|25|25|25|25|25,True,120.0|115.0|110.0|105.0|100.0|95.0
my_juggler_v.json,my_juggler_v,マイジャグラーV,legacy_full,1,reg_count,,1|2|3|4|5|6,6,6,1|1|1|1|1|1,2500|2500|2500|2500|2500|2500,True,409.6|385.5|336.1|290.0|268.6|229.1
my_juggler_v.json,my_juggler_v,マイジャグラーV,legacy_full,2,grape_count,,1|2|3|4|5|6,6,6,0.7|0.7|0.7|0.7|0.7|0.7,4000|4000|4000|4000|4000|4000,True,5.9|5.88|5.84|5.8|5.76|5.66
my_juggler_v.json,my_juggler_v,マイジャグラーV,legacy_full,3,big_count,,1|2|3|4|5|6,6,6,0.6|0.6|0.6|0.6|0.6|0.6,3000|3000|3000|3000|3000|3000,True,273.1|270.8|266.4|254.6|240.1|229.1
nyanko.json,nyanko,Lにゃんこ大戦争 超神速,modern_inference,1,cz_probability,,1|2|3|4|5|6,6,6,1.0,500,False,0.004545454545454545|0.005|0.005555555555555556|0.00625|0.007142857142857143|0.008333333333333333
nyanko.json,nyanko,Lにゃんこ大戦争 超神速,modern_inference,2,at_probability,,1|2|3|4|5|6,6,6,1.2,500,False,0.002380952380952381|0.002631578947368421|0.0029411764705882353|0.0033333333333333335|0.0038461538461538464|0.004545454545454545
revue_starlight.json,revue_starlight,L少女☆歌劇 レヴュースタァライト -The SLOT-,modern_inference,1,cz_probability,,1|2|3|4|5|6,6,6,1.0,500,False,0.005|0.005555555555555556|0.00625|0.007142857142857143|0.008333333333333333|0.01
ring_v.json,ring_v,Lリングにかけろ1 V,modern_inference,1,cz_probability,,1|2|3|4|5|6,6,6,1.0,500,False,0.005|0.005555555555555556|0.00625|0.007142857142857143|0.008333333333333333|0.01
ring_v.json,ring_v,Lリングにかけろ1 V,modern_inference,2,at_probability,,1|2|3|4|5|6,6,6,1.2,500,False,0.0025|0.002777777777777778|0.003125|0.0035714285714285713|0.004166666666666667|0.005
saki_top.json,saki_top,L咲-Saki- 頂上決戦,modern_inference,1,cz_probability,,1|2|3|4|5|6,6,6,1.0,500,False,0.005|0.005555555555555556|0.00625|0.007142857142857143|0.008333333333333333|0.01
sengoku_otome4.json,sengoku_otome4,L戦国乙女4 戦乱に閃く炯眼の軍師,modern_inference,1,cz_probability,,1|2|3|4|5|6,6,6,1.0,500,False,0.005|0.005555555555555556|0.00625|0.007142857142857143|0.008333333333333333|0.01
sengoku_otome4.json,sengoku_otome4,L戦国乙女4 戦乱に閃く炯眼の軍師,modern_inference,2,at_probability,,1|2|3|4|5|6,6,6,1.2,500,False,0.0025|0.002777777777777778|0.003125|0.0035714285714285713|0.004166666666666667|0.005
shin_eva.json,shin_eva,Lパチスロ シン・エヴァンゲリオン,modern_inference,1,cz_probability,,1|2|3|4|5|6,6,6,1.0,500,False,0.004545454545454545|0.005|0.005555555555555556|0.00625|0.007142857142857143|0.008333333333333333
shin_eva.json,shin_eva,Lパチスロ シン・エヴァンゲリオン,modern_inference,2,at_probability,,1|2|3|4|5|6,6,6,1.2,500,False,0.002380952380952381|0.002631578947368421|0.0029411764705882353|0.0033333333333333335|0.0038461538461538464|0.004545454545454545
strike_witches2.json,strike_witches2,Lストライクウィッチーズ2,modern_inference,1,cz_probability,,1|2|3|4|5|6,6,6,1.0,500,False,0.005|0.005555555555555556|0.00625|0.007142857142857143|0.008333333333333333|0.01
strike_witches2.json,strike_witches2,Lストライクウィッチーズ2,modern_inference,2,at_probability,,1|2|3|4|5|6,6,6,1.2,500,False,0.0025|0.002777777777777778|0.003125|0.0035714285714285713|0.004166666666666667|0.005
tensei_slime.json,tensei_slime,L転生したらスライムだった件,modern_inference,1,cz_probability,,1|2|3|4|5|6,6,6,1.0,500,False,0.005|0.005555555555555556|0.00625|0.007142857142857143|0.008333333333333333|0.01
tensei_slime.json,tensei_slime,L転生したらスライムだった件,modern_inference,2,at_probability,,1|2|3|4|5|6,6,6,1.2,500,False,0.0025|0.002777777777777778|0.003125|0.0035714285714285713|0.004166666666666667|0.005
toaru.json,toaru,スマスロ とある魔術の禁書目録,modern_inference,1,cz_probability,,1|2|3|4|5|6,6,6,1.0,500,False,0.004545454545454545|0.005|0.005555555555555556|0.00625|0.007142857142857143|0.008333333333333333
toaru.json,toaru,スマスロ とある魔術の禁書目録,modern_inference,2,at_probability,,1|2|3|4|5|6,6,6,1.2,500,False,0.002380952380952381|0.002631578947368421|0.0029411764705882353|0.0033333333333333335|0.0038461538461538464|0.004545454545454545
tokyo_ghoul.json,tokyo_ghoul,L東京喰種,modern_inference,1,cz_probability,,1|2|3|4|5|6,6,6,1.0,500,False,0.005|0.005555555555555556|0.00625|0.007142857142857143|0.008333333333333333|0.01
ushio_tora.json,ushio_tora,Lうしおととら 白面決戦,modern_inference,1,cz_probability,,1|2|3|4|5|6,6,6,1.0,500,False,0.005|0.005555555555555556|0.00625|0.007142857142857143|0.008333333333333333|0.01
valvrave.json,valvrave,L革命機ヴァルヴレイヴ,legacy_full,1,bonus_count,,1|2|3|4|5|6,6,6,1|1|1|1|1|1,5|5|5|5|5|5,True,519|516|514|507|499|490
valvrave.json,valvrave,L革命機ヴァルヴレイヴ,legacy_full,2,cz_count,,1|2|3|4|5|6,6,6,0.7|0.7|0.7|0.7|0.7|0.7,8|8|8|8|8|8,True,265|252|240|226|214|202
valvrave.json,valvrave,L革命機ヴァルヴレイヴ,legacy_full,3,direct_hit_count,,1|2|3|4|5|6,6,6,0.25|0.25|0.25|0.25|0.25|0.25,1|1|1|1|1|1,True,16384|12288|8192|6553.6|5461.3|4096
zenigata4.json,zenigata4,L主役は銭形4,modern_inference,1,cz_probability,,1|2|3|4|5|6,6,6,1.0,500,False,0.005|0.005555555555555556|0.00625|0.007142857142857143|0.008333333333333333|0.01
zenigata4.json,zenigata4,L主役は銭形4,modern_inference,2,at_probability,,1|2|3|4|5|6,6,6,1.2,500,False,0.0025|0.002777777777777778|0.003125|0.0035714285714285713|0.004166666666666667|0.005
