machine_id,machine_name,file_name,status,manufacturer,machine_type,release_date,is_active,counter_count,setting_reference_count,ceiling_count,has_details,dmm_url,ichigeki_url
arifureta,Lありふれた職業で世界最強,arifureta.json,draft,,,,True,3,0,0,False,,
azure_lane,Lアズールレーン THE ANIMATION,azure_lane.json,draft,,,,True,3,0,0,False,,
bancho4,bancho4,bancho4.json,draft,,,,True,0,0,0,False,,
bio_re2,スマスロ バイオハザード RE:2,bio_re2.json,draft,,,,True,0,0,0,False,,
chibariyo2_plus,chibariyo2_plus,chibariyo2_plus.json,draft,,,,True,0,0,0,False,,
code_geass_cc_kallen,コードギアス 反逆のルルーシュ C.C.&Kallen ver.,code_geass_cc_kallen.json,draft,,,,True,3,0,0,False,,
code_geass_fukkatsu,コードギアス 復活のルルーシュ,code_geass_fukkatsu.json,draft,,,,True,3,0,0,False,,
darling_franxx,Lダーリン・イン・ザ・フランキス,darling_franxx.json,draft,,,,True,3,0,0,False,,
dmm_slot_001,スマスロ BIRDIE WING -Golf Girls' Story-,dmm_slot_001.json,partial,UNIVERSAL BROS.,AT,2026-06-08,True,5,2,0,True,https://p-town.dmm.com/machines/4996,https://1geki.jp/slot/l_birdie/
dmm_slot_002,スマスロ バイオハザードRE:3,dmm_slot_002.json,partial,Enterrise,AT,2026-05-11,True,5,1,0,True,https://p-town.dmm.com/machines/4974,https://1geki.jp/slot/s_bh7/
dmm_slot_003,Ｌタクトオーパス デスティニー,dmm_slot_003.json,partial,HEIWA,AT,2026-05-11,True,5,1,0,True,https://p-town.dmm.com/machines/5000,https://1geki.jp/slot/syllabary/4/
dmm_slot_004,スマスロ ビッグドリーム THE GOLDEN PUSHER,dmm_slot_004.json,partial,Sammy,AT,2026-05-11,True,5,2,0,True,https://p-town.dmm.com/machines/4981,https://1geki.jp/slot/syllabary/6/
dmm_slot_005,スマスロスーパーリオエース2,dmm_slot_005.json,partial,YAMASA NEXT,HYBRID,2026-05-11,True,5,1,0,True,https://p-town.dmm.com/machines/4984,https://1geki.jp/slot/s_sp_rioace/
dmm_slot_006,LB スロット GALFY,dmm_slot_006.json,partial,オーイズミ,BONUS,2026-06-08,True,4,3,0,True,https://p-town.dmm.com/machines/4992,
dmm_slot_007,スマスロ ミリオンゴッド-神々の軌跡-,dmm_slot_007.json,partial,ミズホ,AT,2026-04-20,True,5,1,0,True,https://p-town.dmm.com/machines/4961,
dmm_slot_008,アニマルスロット ドッチ,dmm_slot_008.json,partial,北電子,BONUS,2026-04-20,True,4,3,0,True,https://p-town.dmm.com/machines/4964,
dmm_slot_009,真打 吉宗,dmm_slot_009.json,partial,大都技研,AT,2026-04-06,True,5,2,0,True,https://p-town.dmm.com/machines/4983,
dmm_slot_010,LBトリプルクラウンセブン,dmm_slot_010.json,partial,岡崎産業,BONUS,2026-04-06,True,4,3,0,True,https://p-town.dmm.com/machines/4986,
dmm_slot_011,スマスロヨルムンガンド,dmm_slot_011.json,partial,YAMASA NEXT,AT,2026-04-06,True,5,2,0,True,https://p-town.dmm.com/machines/4970,
dmm_slot_012,L虚構推理,dmm_slot_012.json,partial,D-light,AT,2026-04-06,True,5,2,0,True,https://p-town.dmm.com/machines/4973,
dmm_slot_013,A-SLOT+ 異世界かるてっと BT,dmm_slot_013.json,partial,GINZA,BONUS,2026-04-06,True,4,1,0,True,https://p-town.dmm.com/machines/4965,
dmm_slot_014,Lアクダマドライブ,dmm_slot_014.json,partial,SanThree,AT,2026-04-06,True,5,3,0,True,https://p-town.dmm.com/machines/4956,
dmm_slot_015,スマスロ サンダーV,dmm_slot_015.json,partial,ELECO,BONUS,2026-03-02,True,6,5,0,True,https://p-town.dmm.com/machines/4943,https://1geki.jp/slot/l_thunder_v/
dmm_slot_016,スマスロ 甲鉄城のカバネリ 海門（うなと）決戦,dmm_slot_016.json,partial,,AT,,True,3,2,0,True,https://p-town.dmm.com/machines/4930,https://1geki.jp/slot/l_kabaneri2/
dmm_slot_017,スマスロ ハナビ,dmm_slot_017.json,partial,アクロス,BONUS,2026-02-02,True,5,4,0,True,https://p-town.dmm.com/machines/4928,https://1geki.jp/slot/l_hanabi/
dmm_slot_018,スマスロ 攻殻機動隊,dmm_slot_018.json,partial,,AT,,True,3,2,0,True,https://p-town.dmm.com/machines/4931,https://1geki.jp/slot/l_kokaku/
dmm_slot_020,Lパチスロ 炎炎ノ消防隊2,dmm_slot_020.json,partial,,AT,,True,3,2,0,True,https://p-town.dmm.com/machines/4926,https://1geki.jp/slot/l_ennenn2/
dmm_slot_021,ミクちゃんとイドムンのミラクルチャレンジ2,dmm_slot_021.json,partial,,BONUS,,True,5,4,0,True,https://p-town.dmm.com/machines/4471,https://1geki.jp/slot/s_mikuido2chal/
dmm_slot_022,ニューシオサイ,dmm_slot_022.json,partial,,BONUS,,True,4,3,0,True,https://p-town.dmm.com/machines/4476,https://1geki.jp/slot/s_newsiosai_sa/
dmm_slot_023,パチスロ琉神−30 スイカバージョン,dmm_slot_023.json,partial,,BONUS,,True,4,3,0,True,https://p-town.dmm.com/machines/4468,https://1geki.jp/slot/s_ryujin30/
dmm_slot_024,L リングにかけろ1 V,dmm_slot_024.json,verified,,AT,,True,4,3,3,True,https://p-town.dmm.com/machines/4460,https://1geki.jp/slot/l_rinkake1v/
dmm_slot_025,Lラブ嬢3〜Wご指名はいかがですか？〜,dmm_slot_025.json,partial,,AT,,True,3,2,0,True,https://p-town.dmm.com/machines/4458,https://1geki.jp/slot/l_lovejou3/
dmm_slot_026,L花の慶次～佐渡攻めの章〜,dmm_slot_026.json,verified,EXCITE,AT,2023-12-04,True,3,2,1,True,https://p-town.dmm.com/machines/4456,https://1geki.jp/slot/l_keiji_sado/
dmm_slot_027,スマスロモンキーターンV,dmm_slot_027.json,verified,山佐,AT,2023-12-04,True,2,1,2,True,https://p-town.dmm.com/machines/4450,https://1geki.jp/slot/l_monkeyturn5/
dmm_slot_028,クランキークレスト,dmm_slot_028.json,partial,,BONUS,,True,5,4,0,True,https://p-town.dmm.com/machines/4449,https://1geki.jp/slot/s_crankycrest/
dmm_slot_029,マジカルハロウィン８,dmm_slot_029.json,partial,,HYBRID,,True,5,4,0,True,https://p-town.dmm.com/machines/4423,https://1geki.jp/slot/l_magicalhalloween8/
dmm_slot_030,推しスロ アイドルVer.,dmm_slot_030.json,partial,タツミコーポレーション,BONUS,2023-12-01,True,1,0,1,True,https://p-town.dmm.com/machines/4455,https://1geki.jp/slot/s_oshisloaid/
dmm_slot_031,パチスロ ケンガンアシュラ,dmm_slot_031.json,partial,,AT,,True,3,2,0,True,https://p-town.dmm.com/machines/4434,https://1geki.jp/slot/l_kengan_ashura/
dmm_slot_032,Sちゅらちゅら,dmm_slot_032.json,partial,,BONUS,,True,4,3,0,True,https://p-town.dmm.com/machines/4486,
dmm_slot_033,L ひぐらしのなく頃に 業,dmm_slot_033.json,partial,,HYBRID,,True,6,5,0,True,https://p-town.dmm.com/machines/4447,https://1geki.jp/slot/l_higurashi_gou/
dmm_slot_034,スマスロとある魔術の禁書目録,dmm_slot_034.json,partial,,AT,,True,4,3,0,True,https://p-town.dmm.com/machines/4445,https://1geki.jp/slot/l_toaru_index/
dmm_slot_035,デジスロ JAC INバージョン,dmm_slot_035.json,partial,,BONUS,,True,4,3,0,True,https://p-town.dmm.com/machines/4433,https://1geki.jp/slot/s_digislo_jacin/
dmm_slot_036,L大工の源さん超夢源,dmm_slot_036.json,partial,,AT,,True,3,2,0,True,https://p-town.dmm.com/machines/4428,https://1geki.jp/slot/l_d_gensantyomugen/
dmm_slot_037,スマスロ劇場版 魔法少女まどか☆マギカ[前編]始まりの物語／[後編]永遠の物語f-フォルテ-,dmm_slot_037.json,partial,,AT,,True,4,3,0,True,https://p-town.dmm.com/machines/4420,https://1geki.jp/slot/l_madomagimov_forte/
dmm_slot_038,パチスロ交響詩篇エウレカセブン HI-EVOLUTION ZERO TYPE-ART,dmm_slot_038.json,partial,,ART,,True,5,4,0,True,https://p-town.dmm.com/machines/4419,https://1geki.jp/slot/s_eurekahievo_art/
dmm_slot_039,L エヴァンゲリオン ～未来への創造～,dmm_slot_039.json,partial,,AT,,True,3,2,0,True,https://p-town.dmm.com/machines/4414,https://1geki.jp/slot/l_evasloasu/
dmm_slot_040,スーハナライジング-30,dmm_slot_040.json,partial,,BONUS,,True,5,4,0,True,https://p-town.dmm.com/machines/4409,https://1geki.jp/slot/s_suhana_rising30/
dragon_hanahana_30,dragon_hanahana_30,dragon_hanahana_30.json,draft,,,,True,0,0,0,False,,
eureka_zero,エウレカセブン HI-EVOLUTION ZERO TYPE-ART,eureka_zero.json,draft,,,,True,3,0,0,False,,
fire_force,パチスロ 炎炎ノ消防隊,fire_force.json,draft,,,,True,3,0,0,False,,
funky_juggler_2,ファンキージャグラー2,funky_juggler_2.json,partial,Kita Denshi,BONUS,2025-01-01,True,5,3,0,True,https://p-town.dmm.com/machines/4388,https://1geki.jp/slot/s_funkyjuggler2/
ghost_shell,スマスロ攻殻機動隊,ghost_shell.json,draft,,,,True,3,0,0,False,,
goblin_slayer,goblin_slayer,goblin_slayer.json,draft,,,,True,0,0,0,False,,
godzilla,Lゴジラ,godzilla.json,draft,,,,True,3,0,0,False,,
gogo_juggler_3,ゴーゴージャグラー3,gogo_juggler_3.json,partial,Kita Denshi,BONUS,2025-01-01,True,5,3,0,True,https://p-town.dmm.com/machines/4782,https://1geki.jp/slot/s_gogojuggler3/
hanma_baki,L範馬刃牙,hanma_baki.json,draft,,,,True,3,0,0,False,,
happy_juggler_v3,ハッピージャグラーV III,happy_juggler_v3.json,partial,Kita Denshi,BONUS,2025-01-01,True,5,3,0,True,https://p-town.dmm.com/machines/4656,https://1geki.jp/slot/s_happyjuggler8/
hokuto,L北斗の拳,hokuto.json,verified,サミー,AT,2023-04-03,True,8,4,2,True,https://p-town.dmm.com/machines/4301,https://1geki.jp/slot/l_hokutonoken/
hokuto_tensei_2,スマスロ 北斗の拳 転生の章2,hokuto_tensei_2.json,verified,サミー,AT,2026-01-05,True,5,1,1,True,https://p-town.dmm.com/machines/4909,https://1geki.jp/slot/l_hokuto_tensei2/
im_juggler_ex,アイムジャグラーEX,im_juggler_ex.json,partial,Kita Denshi,BONUS,2025-01-01,True,5,3,0,True,https://p-town.dmm.com/machines/4316,https://1geki.jp/slot/s_ij_ex_6/
kabaneri,kabaneri,kabaneri.json,partial,,,,True,0,0,0,True,,
kabaneri_kaimon,スマスロ 甲鉄城のカバネリ 海門決戦,kabaneri_kaimon.json,draft,,,,True,3,0,0,False,,
kamen_rider_denoh,L仮面ライダー電王,kamen_rider_denoh.json,draft,,,,True,3,0,0,False,,
karakuri,からくりサーカス,karakuri.json,draft,,,,True,0,0,0,False,,
karakuri_circus,karakuri_circus,karakuri_circus.json,partial,,,,True,0,0,0,True,,
kengan,Lケンガンアシュラ,kengan.json,draft,,,,True,3,0,0,False,,
king_hanahana_30,king_hanahana_30,king_hanahana_30.json,draft,,,,True,0,0,0,False,,
l_hokuto,l_hokuto,l_hokuto.json,draft,,,,True,0,0,0,False,,
list_slot_003,スマスロ コードギアス反逆のルルーシュ／復活のルルーシュ,list_slot_003.json,verified,Sammy,AT,2024-02-05,True,4,3,1,True,https://p-town.dmm.com/machines/4477,https://1geki.jp/slot/l_codegeass/
list_slot_004,パチスロコードギアス 反逆のルルーシュ3 C.C.&Kallen ver.,list_slot_004.json,partial,Sammy,AT,2023-06-05,True,4,3,0,True,https://p-town.dmm.com/machines/4342,https://1geki.jp/slot/s_codegeass3cc/
list_slot_009,L麻雀格闘倶楽部 覚醒,list_slot_009.json,verified,コナミアミューズメント,AT,2023-09-19,True,3,2,4,True,https://p-town.dmm.com/machines/4401,https://1geki.jp/slot/s_mfckakusei/
list_slot_010,Lベルセルク無双,list_slot_010.json,verified,EXCITE,AT,2023-06-05,True,3,1,1,True,https://p-town.dmm.com/machines/4367,https://1geki.jp/slot/l_berserkmuso/
list_slot_012,L南国育ち,list_slot_012.json,partial,オリンピアエステート,AT,2024-03-04,True,3,2,0,True,https://p-town.dmm.com/machines/4512,
list_slot_013,スマスロ痛いのは嫌なので防御力に極振りしたいと思います。,list_slot_013.json,partial,サミー,AT,2024-06-03,True,5,4,0,True,https://p-town.dmm.com/machines/4566,https://1geki.jp/slot/l_bofuri/
list_slot_026,EVANGELION FESTIVAL,list_slot_026.json,verified,ビスティ,AT,2020-03-02,True,5,3,2,True,https://p-town.dmm.com/machines/3642,https://1geki.jp/slot/s_eva_fes/
list_slot_027,パチスロ アクエリオン ALL STARS,list_slot_027.json,verified,SANKYO,AT,2022-07-04,True,3,2,2,True,https://p-town.dmm.com/machines/4156,https://1geki.jp/slot/s_aguarion_allstars/
list_slot_028,パチスロ鉄拳5,list_slot_028.json,verified,YAMASA,AT,2022-07-19,True,3,2,1,True,https://p-town.dmm.com/machines/4162,https://1geki.jp/slot/s_tekken5/
list_slot_029,パチスロ幼女戦記,list_slot_029.json,verified,Sammy,AT,2022-12-05,True,4,3,1,True,https://p-town.dmm.com/machines/4241,https://1geki.jp/slot/s_yojo_senki/
list_slot_030,スマスロ シャーマンキング,list_slot_030.json,verified,Eleco,AT,2025-02-03,True,3,2,2,True,https://p-town.dmm.com/machines/4719,https://1geki.jp/slot/l_shamanking/
list_slot_031,パチスロ 新鬼武者2,list_slot_031.json,verified,Enterrise,AT,2022-08-08,True,3,2,2,True,https://p-town.dmm.com/machines/4178,https://1geki.jp/slot/s_sinnoni2/
list_slot_032,FAIRY TAIL2,list_slot_032.json,verified,藤商事,AT,2022-08-01,True,3,2,1,True,https://p-town.dmm.com/machines/4191,https://1geki.jp/slot/s_fairytail2/
list_slot_033,ペルソナ5,list_slot_033.json,verified,サミー,AT,2022-09-05,True,3,2,2,True,https://p-town.dmm.com/machines/4193,https://1geki.jp/slot/s_persona5/
list_slot_034,パチスロ盾の勇者の成り上がり,list_slot_034.json,verified,Sammy,AT,2023-02-20,True,5,1,2,True,https://p-town.dmm.com/machines/4292,https://1geki.jp/slot/s_tat_yu/
list_slot_035,S BOØWY,list_slot_035.json,verified,D-light,AT,2022-09-20,True,3,1,1,True,https://p-town.dmm.com/machines/4196,https://1geki.jp/slot/s_boowy/
list_slot_036,バイオハザード ヴィレッジ,list_slot_036.json,verified,アデリオン,AT,2024-01-09,True,4,3,2,True,https://p-town.dmm.com/machines/4459,https://1geki.jp/slot/l_biovillage/
list_slot_037,パチスロ ダンジョンに出会いを求めるのは間違っているだろうか2,list_slot_037.json,verified,北電子,AT,2024-04-22,True,6,4,1,True,https://p-town.dmm.com/machines/4556,https://1geki.jp/slot/s_danmachi2/
list_slot_038,Re:ゼロから始める異世界生活 season2,list_slot_038.json,verified,パオン・ディーピー,AT,2024-10-21,True,5,1,3,True,https://p-town.dmm.com/machines/4658,https://1geki.jp/slot/l_rezero_season2/
list_slot_039,この素晴らしい世界に祝福を！,list_slot_039.json,verified,サミー,AT,2022-04-04,True,5,1,1,True,https://p-town.dmm.com/machines/4097,https://1geki.jp/slot/s_konosuba/
list_slot_040,Lルパン三世 大航海者の秘宝,list_slot_040.json,verified,平和,AT,2024-12-02,True,5,3,3,True,https://p-town.dmm.com/machines/4689,https://1geki.jp/slot/l_lupin_totgn/
list_slot_041,黄門ちゃま天,list_slot_041.json,verified,オリンピア,AT,2024-09-02,True,5,1,3,True,https://p-town.dmm.com/machines/4609,https://1geki.jp/slot/l_komonchama_ten/
list_slot_042,ニューパルサーSP4,list_slot_042.json,partial,SEVEN LEAGUE,BONUS,2024-05-07,True,4,3,0,True,https://p-town.dmm.com/machines/4550,https://1geki.jp/slot/s_newpulsar_with_tt/
list_slot_043,ニューパルサーDX3,list_slot_043.json,partial,YAMASA NEXT,BONUS,2021-10-04,True,4,3,0,True,https://p-town.dmm.com/machines/3953,https://1geki.jp/slot/s_newpal_dx3/
list_slot_044,ハナビ,list_slot_044.json,partial,ACROSS,BONUS,2021-07-05,True,5,4,0,True,https://p-town.dmm.com/machines/2042,https://1geki.jp/slot/s_shinhanabi/
list_slot_045,バーサスリヴァイズ,list_slot_045.json,partial,ELECO,BONUS,2022-01-11,True,6,5,0,True,https://p-town.dmm.com/machines/4033,https://1geki.jp/slot/s_versus_rexse/
list_slot_046,サンダーVライトニング,list_slot_046.json,partial,ACROSS,BONUS,2020-02-03,True,3,1,0,True,https://p-town.dmm.com/machines/3647,https://1geki.jp/slot/s_thunderv_lg/
list_slot_047,アレックス ブライト,list_slot_047.json,partial,UNIVERSAL BROS.,BONUS,2025-09-01,True,7,6,0,True,https://p-town.dmm.com/machines/4799,https://1geki.jp/slot/lb_arexbright/
list_slot_048,ディスクアップ2,list_slot_048.json,partial,Sammy,BONUS,2022-01-24,True,4,3,0,True,https://p-town.dmm.com/machines/4043,https://1geki.jp/slot/s_discup2/
list_slot_049,A-SLOT+ ディスクアップ ULTRAREMIX,list_slot_049.json,partial,Sammy,BONUS,2025-01-20,True,6,5,0,True,https://p-town.dmm.com/machines/4702,https://1geki.jp/slot/l_discup_ur/
list_slot_050,ファミスタ回胴版!!,list_slot_050.json,partial,UNIVERSAL BROS.,BONUS,2023-09-04,True,4,3,0,True,https://p-town.dmm.com/machines/4393,https://1geki.jp/slot/s_famista_kaido/
list_slot_051,沖ドキ！GOLD,list_slot_051.json,partial,UNIVERSAL BROS.,AT,2022-12-19,True,6,3,0,True,https://p-town.dmm.com/machines/4258,https://1geki.jp/slot/s_okidoki_gold/
list_slot_052,沖ドキ！DUO,list_slot_052.json,partial,ACROSS,AT,2021-12-20,True,5,1,0,True,https://p-town.dmm.com/machines/4031,https://1geki.jp/slot/s_okidoki_duo_25/
list_slot_053,スマート沖スロ 沖ドキ！DUO-30 アンコール,list_slot_053.json,partial,MACY,AT,2025-12-22,True,5,1,0,True,https://p-town.dmm.com/machines/4906,https://1geki.jp/slot/l_okidoki_duo_encore/0/
list_slot_054,チバリヨ2プラス,list_slot_054.json,partial,NET,AT,2025-01-06,True,5,1,0,True,https://p-town.dmm.com/machines/4717,https://1geki.jp/slot/l_cbry2_plus/
list_slot_055,スマート沖スロ スターハナハナ,list_slot_055.json,partial,PIONEER,BONUS,2025-01-06,True,5,3,0,True,https://p-town.dmm.com/machines/4680,https://1geki.jp/slot/l_starhnhn30/0/
list_slot_056,スマート沖スロ ニューキングハナハナ-30,list_slot_056.json,partial,PIONEER,BONUS,2026-01-05,True,5,3,0,True,https://p-town.dmm.com/machines/4911,
list_slot_057,ニューキングハナハナ-30,list_slot_057.json,partial,PIONEER,BONUS,2026-01-05,True,5,3,0,True,https://p-town.dmm.com/machines/4912,https://1geki.jp/slot/s_new_king_hanahana_v30/
list_slot_058,ドラゴンハナハナ～閃光～ 30,list_slot_058.json,partial,PIONEER,BONUS,2023-12-18,True,5,3,0,True,https://p-town.dmm.com/machines/4453,https://1geki.jp/slot/s_drahana_senko30/0/
list_slot_059,キングハナハナ-30,list_slot_059.json,partial,PIONEER,BONUS,2023-03-20,True,5,3,0,True,https://p-town.dmm.com/machines/4311,https://1geki.jp/slot/s_kinghanahana2023/
list_slot_060,ハナハナホウオウ～天翔～-30,list_slot_060.json,partial,PIONEER,BONUS,2022-01-24,True,5,3,0,True,https://p-town.dmm.com/machines/4013,https://1geki.jp/slot/s_hanahana_houoh_tensho30/
list_slot_061,麻雀物語,list_slot_061.json,partial,オリンピアエステート,AT,2025-04-21,True,5,4,0,True,https://p-town.dmm.com/specials/4159,https://1geki.jp/slot/l_mjnmngtr/
list_slot_062,戦姫絶唱シンフォギア 正義の歌,list_slot_062.json,partial,SANKYO,AT,2024-09-02,True,3,2,0,True,https://p-town.dmm.com/machines/4579,https://1geki.jp/slot/l_sympho/
list_slot_063,Lパチスロうみねこのなく頃に2,list_slot_063.json,verified,オーイズミ,AT,2026-02-02,True,5,2,1,True,https://p-town.dmm.com/machines/4925,https://1geki.jp/slot/l_umineko2/
lovejo3,ラブ嬢3～Wご指名はいかがですか？～,lovejo3.json,draft,,,,True,3,0,0,False,,
lupin,ルパン三世 大航海者,lupin.json,draft,,,,True,0,0,0,False,,
madoka_forte,劇場版魔法少女まどか☆マギカ f-フォルテ-,madoka_forte.json,draft,,,,True,3,0,0,False,,
monkey_turn_v,monkey_turn_v,monkey_turn_v.json,draft,,,,True,0,0,0,False,,
monster_hunter_rise,スマスロ モンスターハンターライズ,monster_hunter_rise.json,verified,エンターライズ,AT,2024-11-18,True,6,5,2,True,https://p-town.dmm.com/machines/4676,https://1geki.jp/slot/l_mh_rize/
my_juggler_v,マイジャグラーV,my_juggler_v.json,partial,Kita Denshi,BONUS,2025-01-01,True,5,3,0,True,https://p-town.dmm.com/machines/4204,https://1geki.jp/slot/s_mj5/
nyanko,Lにゃんこ大戦争 超神速,nyanko.json,draft,,,,True,3,0,0,False,,
oki_doki_duo,oki_doki_duo,oki_doki_duo.json,draft,,,,True,0,0,0,False,,
oki_doki_gold,oki_doki_gold,oki_doki_gold.json,draft,,,,True,0,0,0,False,,
revue_starlight,L少女☆歌劇 レヴュースタァライト -The SLOT-,revue_starlight.json,draft,,,,True,3,0,0,False,,
ring_v,Lリングにかけろ1 V,ring_v.json,draft,,,,True,3,0,0,False,,
saki_top,L咲-Saki- 頂上決戦,saki_top.json,draft,,,,True,3,0,0,False,,
sengoku_otome4,L戦国乙女4 戦乱に閃く炯眼の軍師,sengoku_otome4.json,draft,,,,True,3,0,0,False,,
shin_eva,Lパチスロ シン・エヴァンゲリオン,shin_eva.json,draft,,,,True,3,0,0,False,,
strike_witches2,Lストライクウィッチーズ2,strike_witches2.json,draft,,,,True,3,0,0,False,,
tensei_slime,L転生したらスライムだった件,tensei_slime.json,draft,,,,True,3,0,0,False,,
toaru,スマスロ とある魔術の禁書目録,toaru.json,draft,,,,True,3,0,0,False,,
tokyo_ghoul,L東京喰種,tokyo_ghoul.json,draft,,,,True,3,0,0,False,,
tokyoghoul,東京喰種,tokyoghoul.json,draft,,,,True,0,0,0,False,,
ushio_tora,Lうしおととら 白面決戦,ushio_tora.json,draft,,,,True,3,0,0,False,,
valvrave,valvrave,valvrave.json,partial,,,,True,0,0,0,True,,
valvrave_2,Lパチスロ 革命機ヴァルヴレイヴ2,valvrave_2.json,partial,SANKYO,AT,2025-11-04,True,5,0,4,True,https://p-town.dmm.com/machines/4885,https://1geki.jp/slot/l_valvrave2/
vvv,革命機ヴァルヴレイヴ,vvv.json,draft,,,,True,0,0,0,False,,
zenigata4,L主役は銭形4,zenigata4.json,draft,,,,True,3,0,0,False,,
