category,listed_name,match_type,matched_manifest_name,matched_machine_id,matched_file_name,note
スマスロ・AT/BT系,L北斗の拳,exact,L北斗の拳,hokuto,hokuto.json,
スマスロ・AT/BT系,L革命機ヴァルヴレイヴ,exact,L革命機ヴァルヴレイヴ,valvrave,valvrave.json,
スマスロ・AT/BT系,Lからくりサーカス,exact,Lからくりサーカス,karakuri_circus,karakuri_circus.json,
スマスロ・AT/BT系,スマスロ モンキーターンV,normalized_name_match,スマスロモンキーターンV,dmm_slot_027,dmm_slot_027.json,表記差分あり
スマスロ・AT/BT系,Lゴブリンスレイヤー,exact,Lゴブリンスレイヤー,goblin_slayer,goblin_slayer.json,
スマスロ・AT/BT系,L戦国乙女4 戦乱に閃く炯眼の軍師,exact,L戦国乙女4 戦乱に閃く炯眼の軍師,sengoku_otome4,sengoku_otome4.json,
スマスロ・AT/BT系,Lコードギアス 反逆のルルーシュ,missing,,,,現パッケージ内で未確認
スマスロ・AT/BT系,Lコードギアス 復活のルルーシュ,missing,,,,現パッケージ内で未確認
スマスロ・AT/BT系,L転生したらスライムだった件,exact,L転生したらスライムだった件,tensei_slime,tensei_slime.json,
スマスロ・AT/BT系,スマスロ バイオハザード RE:2,exact,スマスロ バイオハザード RE:2,bio_re2,bio_re2.json,
スマスロ・AT/BT系,L主役は銭形4,exact,L主役は銭形4,zenigata4,zenigata4.json,
スマスロ・AT/BT系,Lリングにかけろ1 V,normalized_name_match,L リングにかけろ1 V,dmm_slot_024,dmm_slot_024.json,表記差分あり
スマスロ・AT/BT系,Lストライクウィッチーズ2,exact,Lストライクウィッチーズ2,strike_witches2,strike_witches2.json,
スマスロ・AT/BT系,L麻雀格闘倶楽部 覚醒,exact,L麻雀格闘倶楽部 覚醒,list_slot_009,list_slot_009.json,
スマスロ・AT/BT系,L花の慶次 佐渡攻めの章,missing,,,,現パッケージ内で未確認
スマスロ・AT/BT系,Lベルセルク無双,exact,Lベルセルク無双,list_slot_010,list_slot_010.json,
スマスロ・AT/BT系,押忍！番長4,exact,押忍！番長4,bancho4,bancho4.json,
スマスロ・AT/BT系,L南国育ち,exact,L南国育ち,list_slot_012,list_slot_012.json,
スマスロ・AT/BT系,劇場版魔法少女まどか☆マギカ［前編］始まりの物語／［後編］永遠の物語 f-フォルテ-,missing,,,,現パッケージ内で未確認
スマスロ・AT/BT系,スマスロ痛いのは嫌なので防御力に極振りしたいと思います。,exact,スマスロ痛いのは嫌なので防御力に極振りしたいと思います。,list_slot_013,list_slot_013.json,
スマスロ・AT/BT系,L東京喰種,exact,L東京喰種,tokyo_ghoul,tokyo_ghoul.json,
スマスロ・AT/BT系,Lアズールレーン THE ANIMATION,exact,Lアズールレーン THE ANIMATION,azure_lane,azure_lane.json,
スマスロ・AT/BT系,Lダーリン・イン・ザ・フランキス,exact,Lダーリン・イン・ザ・フランキス,darling_franxx,darling_franxx.json,
スマスロ・AT/BT系,L咲-Saki- 頂上決戦,exact,L咲-Saki- 頂上決戦,saki_top,saki_top.json,
スマスロ・AT/BT系,Lうしおととら 白面決戦,exact,Lうしおととら 白面決戦,ushio_tora,ushio_tora.json,
スマスロ・AT/BT系,Lゴジラ,exact,Lゴジラ,godzilla,godzilla.json,
スマスロ・AT/BT系,L少女☆歌劇 レヴュースタァライト -The SLOT-,exact,L少女☆歌劇 レヴュースタァライト -The SLOT-,revue_starlight,revue_starlight.json,
スマスロ・AT/BT系,L仮面ライダー電王,exact,L仮面ライダー電王,kamen_rider_denoh,kamen_rider_denoh.json,
スマスロ・AT/BT系,Lありふれた職業で世界最強,exact,Lありふれた職業で世界最強,arifureta,arifureta.json,
スマスロ・AT/BT系,Lパチスロ シン・エヴァンゲリオン,exact,Lパチスロ シン・エヴァンゲリオン,shin_eva,shin_eva.json,
スマスロ・AT/BT系,Lにゃんこ大戦争 超神速,exact,Lにゃんこ大戦争 超神速,nyanko,nyanko.json,
6.5号機〜AT系,パチスロ 甲鉄城のカバネリ,exact,パチスロ 甲鉄城のカバネリ,kabaneri,kabaneri.json,
6.5号機〜AT系,パチスロ 炎炎ノ消防隊,exact,パチスロ 炎炎ノ消防隊,fire_force,fire_force.json,
6.5号機〜AT系,L範馬刃牙,exact,L範馬刃牙,hanma_baki,hanma_baki.json,
6.5号機〜AT系,スマスロ攻殻機動隊,normalized_name_match,スマスロ 攻殻機動隊,dmm_slot_018,dmm_slot_018.json,表記差分あり
6.5号機〜AT系,スマスロ とある魔術の禁書目録,normalized_name_match,スマスロとある魔術の禁書目録,dmm_slot_034,dmm_slot_034.json,表記差分あり
6.5号機〜AT系,ラブ嬢3～Wご指名はいかがですか？～,non_manifest_only,ラブ嬢3～Wご指名はいかがですか？～,,lovejo3.json,正本未採用/manifest未登録
6.5号機〜AT系,Lケンガンアシュラ,non_manifest_only,Lケンガンアシュラ,,kengan.json,正本未採用/manifest未登録
6.5号機〜AT系,エウレカセブン HI-EVOLUTION ZERO TYPE-ART,non_manifest_only,エウレカセブン HI-EVOLUTION ZERO TYPE-ART,,eureka_zero.json,正本未採用/manifest未登録
6.5号機〜AT系,EVANGELION FESTIVAL,exact,EVANGELION FESTIVAL,list_slot_026,list_slot_026.json,
6.5号機〜AT系,Sアクエリオン ALL STARS,missing,,,,現パッケージ内で未確認
6.5号機〜AT系,鉄拳5,missing,,,,現パッケージ内で未確認
6.5号機〜AT系,パチスロ幼女戦記,exact,パチスロ幼女戦記,list_slot_029,list_slot_029.json,
6.5号機〜AT系,スマスロ シャーマンキング,exact,スマスロ シャーマンキング,list_slot_030,list_slot_030.json,
6.5号機〜AT系,新鬼武者2,missing,,,,現パッケージ内で未確認
6.5号機〜AT系,FAIRY TAIL2,exact,FAIRY TAIL2,list_slot_032,list_slot_032.json,
6.5号機〜AT系,ペルソナ5,exact,ペルソナ5,list_slot_033,list_slot_033.json,
6.5号機〜AT系,パチスロ盾の勇者の成り上がり,exact,パチスロ盾の勇者の成り上がり,list_slot_034,list_slot_034.json,
6.5号機〜AT系,S BOØWY,exact,S BOØWY,list_slot_035,list_slot_035.json,
6.5号機〜AT系,バイオハザード ヴィレッジ,exact,バイオハザード ヴィレッジ,list_slot_036,list_slot_036.json,
6.5号機〜AT系,パチスロ ダンジョンに出会いを求めるのは間違っているだろうか2,exact,パチスロ ダンジョンに出会いを求めるのは間違っているだろうか2,list_slot_037,list_slot_037.json,
6.5号機〜AT系,Re:ゼロから始める異世界生活 season2,exact,Re:ゼロから始める異世界生活 season2,list_slot_038,list_slot_038.json,
6.5号機〜AT系,この素晴らしい世界に祝福を！,exact,この素晴らしい世界に祝福を！,list_slot_039,list_slot_039.json,
6.5号機〜AT系,Lルパン三世 大航海者の秘宝,exact,Lルパン三世 大航海者の秘宝,list_slot_040,list_slot_040.json,
6.5号機〜AT系,黄門ちゃま天,exact,黄門ちゃま天,list_slot_041,list_slot_041.json,
ノーマルタイプ,マイジャグラーV,exact,マイジャグラーV,my_juggler_v,my_juggler_v.json,
ノーマルタイプ,アイムジャグラーEX,exact,アイムジャグラーEX,im_juggler_ex,im_juggler_ex.json,
ノーマルタイプ,ファンキージャグラー2,exact,ファンキージャグラー2,funky_juggler_2,funky_juggler_2.json,
ノーマルタイプ,ハッピージャグラーV III,exact,ハッピージャグラーV III,happy_juggler_v3,happy_juggler_v3.json,
ノーマルタイプ,ゴーゴージャグラー3,exact,ゴーゴージャグラー3,gogo_juggler_3,gogo_juggler_3.json,
ノーマルタイプ,ニューパルサーSP4,exact,ニューパルサーSP4,list_slot_042,list_slot_042.json,
ノーマルタイプ,ニューパルサーDX3,exact,ニューパルサーDX3,list_slot_043,list_slot_043.json,
ノーマルタイプ,ハナビ,exact,ハナビ,list_slot_044,list_slot_044.json,
ノーマルタイプ,スマスロ ハナビ,exact,スマスロ ハナビ,dmm_slot_017,dmm_slot_017.json,
ノーマルタイプ,バーサスリヴァイズ,exact,バーサスリヴァイズ,list_slot_045,list_slot_045.json,
ノーマルタイプ,サンダーVライトニング,exact,サンダーVライトニング,list_slot_046,list_slot_046.json,
ノーマルタイプ,スマスロ サンダーV,exact,スマスロ サンダーV,dmm_slot_015,dmm_slot_015.json,
ノーマルタイプ,クランキークレスト,exact,クランキークレスト,dmm_slot_028,dmm_slot_028.json,
ノーマルタイプ,アレックス ブライト,exact,アレックス ブライト,list_slot_047,list_slot_047.json,
ノーマルタイプ,ディスクアップ2,exact,ディスクアップ2,list_slot_048,list_slot_048.json,
ノーマルタイプ,A-SLOT+ ディスクアップ ULTRAREMIX,exact,A-SLOT+ ディスクアップ ULTRAREMIX,list_slot_049,list_slot_049.json,
ノーマルタイプ,ひぐらしのなく頃に 業,missing,,,,現パッケージ内で未確認
ノーマルタイプ,ファミスタ回胴版!!,exact,ファミスタ回胴版!!,list_slot_050,list_slot_050.json,
沖スロ・ハナハナ系,沖ドキ！GOLD,exact,沖ドキ！GOLD,list_slot_051,list_slot_051.json,
沖スロ・ハナハナ系,沖ドキ！DUO,exact,沖ドキ！DUO,list_slot_052,list_slot_052.json,
沖スロ・ハナハナ系,スマート沖スロ 沖ドキ！DUO-30 アンコール,exact,スマート沖スロ 沖ドキ！DUO-30 アンコール,list_slot_053,list_slot_053.json,
沖スロ・ハナハナ系,チバリヨ2プラス,exact,チバリヨ2プラス,list_slot_054,list_slot_054.json,
沖スロ・ハナハナ系,スマート沖スロ スターハナハナ,exact,スマート沖スロ スターハナハナ,list_slot_055,list_slot_055.json,
沖スロ・ハナハナ系,スマート沖スロ ニューキングハナハナ-30,exact,スマート沖スロ ニューキングハナハナ-30,list_slot_056,list_slot_056.json,
沖スロ・ハナハナ系,ニューキングハナハナ-30,exact,ニューキングハナハナ-30,list_slot_057,list_slot_057.json,
沖スロ・ハナハナ系,ドラゴンハナハナ～閃光～ 30,exact,ドラゴンハナハナ～閃光～ 30,list_slot_058,list_slot_058.json,
沖スロ・ハナハナ系,キングハナハナ-30,exact,キングハナハナ-30,list_slot_059,list_slot_059.json,
沖スロ・ハナハナ系,ハナハナホウオウ～天翔～-30,exact,ハナハナホウオウ～天翔～-30,list_slot_060,list_slot_060.json,
沖スロ・ハナハナ系,スーハナライジング-30,exact,スーハナライジング-30,dmm_slot_040,dmm_slot_040.json,
沖スロ・ハナハナ系,琉神-30 スイカバージョン,missing,,,,現パッケージ内で未確認
沖スロ・ハナハナ系,ちゅらちゅら,missing,,,,現パッケージ内で未確認
その他・バラエティ,ミクちゃんとイドムンのミラクルチャレンジ2,exact,ミクちゃんとイドムンのミラクルチャレンジ2,dmm_slot_021,dmm_slot_021.json,
その他・バラエティ,ニューシオサイ-30,missing,,,,現パッケージ内で未確認
その他・バラエティ,推しスロ アイドルVer.,exact,推しスロ アイドルVer.,dmm_slot_030,dmm_slot_030.json,
その他・バラエティ,JAC INバージョン,missing,,,,現パッケージ内で未確認
その他・バラエティ,麻雀物語,exact,麻雀物語,list_slot_061,list_slot_061.json,
その他・バラエティ,戦姫絶唱シンフォギア 正義の歌,exact,戦姫絶唱シンフォギア 正義の歌,list_slot_062,list_slot_062.json,
その他・バラエティ,Lパチスロうみねこのなく頃に2,exact,Lパチスロうみねこのなく頃に2,list_slot_063,list_slot_063.json,
その他・バラエティ,スマスロ 甲鉄城のカバネリ 海門決戦,normalized_name_match,スマスロ 甲鉄城のカバネリ 海門（うなと）決戦,dmm_slot_016,dmm_slot_016.json,表記差分あり
