file_name,machine_name,schema_type,reason
code_geass_cc_kallen.json,コードギアス 反逆のルルーシュ C.C.&Kallen ver.,legacy_simple,asset_exists_but_not_listed_in_manifest
code_geass_fukkatsu.json,コードギアス 復活のルルーシュ,legacy_simple,asset_exists_but_not_listed_in_manifest
eureka_zero.json,エウレカセブン HI-EVOLUTION ZERO TYPE-ART,legacy_simple,asset_exists_but_not_listed_in_manifest
ghost_shell.json,スマスロ攻殻機動隊,legacy_simple,asset_exists_but_not_listed_in_manifest
kabaneri_kaimon.json,スマスロ 甲鉄城のカバネリ 海門決戦,legacy_simple,asset_exists_but_not_listed_in_manifest
karakuri.json,からくりサーカス,legacy_simple,asset_exists_but_not_listed_in_manifest
kengan.json,Lケンガンアシュラ,legacy_simple,asset_exists_but_not_listed_in_manifest
lovejo3.json,ラブ嬢3～Wご指名はいかがですか？～,legacy_simple,asset_exists_but_not_listed_in_manifest
lupin.json,ルパン三世 大航海者,legacy_simple,asset_exists_but_not_listed_in_manifest
madoka_forte.json,劇場版魔法少女まどか☆マギカ f-フォルテ-,legacy_simple,asset_exists_but_not_listed_in_manifest
monkey_turn_v.json,スマスロ モンキーターンV,legacy_simple,asset_exists_but_not_listed_in_manifest
ring_v.json,Lリングにかけろ1 V,legacy_simple,asset_exists_but_not_listed_in_manifest
toaru.json,スマスロ とある魔術の禁書目録,legacy_simple,asset_exists_but_not_listed_in_manifest
tokyoghoul.json,東京喰種,legacy_simple,asset_exists_but_not_listed_in_manifest
vvv.json,革命機ヴァルヴレイヴ,legacy_simple,asset_exists_but_not_listed_in_manifest
