candidate_file,candidate_id,candidate_name,candidate_schema,candidate_counter_count,candidate_reference_count,candidate_ceiling_rule_count,canonical_file,canonical_id,canonical_name,canonical_schema,canonical_counter_count,canonical_reference_count,canonical_ceiling_rule_count,action,reason
code_geass_cc_kallen.json,code_geass_cc_kallen,コードギアス 反逆のルルーシュ C.C.&Kallen ver.,placeholder_inference,3,2,0,list_slot_004.json,list_slot_004,パチスロコードギアス 反逆のルルーシュ3 C.C.&Kallen ver.,full_machine,4,3,0,delete_safe,Manifest canonical already exists for the same distinct machine. Candidate is non-manifest lightweight placeholder with inferenceElements/siteLinks only.
code_geass_fukkatsu.json,code_geass_fukkatsu,コードギアス 復活のルルーシュ,placeholder_inference,3,2,0,list_slot_003.json,list_slot_003,スマスロ コードギアス反逆のルルーシュ／復活のルルーシュ,full_machine,4,3,1,hold_reconstruct,"Current manifest file is a combined machine title (""反逆のルルーシュ／復活のルルーシュ""). Candidate should be preserved until machine split / manifest normalization is decided."
eureka_zero.json,eureka_zero,エウレカセブン HI-EVOLUTION ZERO TYPE-ART,placeholder_inference,3,2,0,dmm_slot_038.json,dmm_slot_038,パチスロ交響詩篇エウレカセブン HI-EVOLUTION ZERO TYPE-ART,full_machine,5,4,0,delete_safe,Manifest canonical exists and is full_machine schema. Candidate is non-manifest lightweight placeholder.
ghost_shell.json,ghost_shell,スマスロ攻殻機動隊,placeholder_inference,3,2,0,dmm_slot_018.json,dmm_slot_018,スマスロ 攻殻機動隊,full_machine,3,2,0,delete_safe,Manifest canonical exists and is full_machine schema. Candidate is non-manifest lightweight placeholder.
kabaneri_kaimon.json,kabaneri_kaimon,スマスロ 甲鉄城のカバネリ 海門決戦,placeholder_inference,3,2,0,dmm_slot_016.json,dmm_slot_016,スマスロ 甲鉄城のカバネリ 海門（うなと）決戦,full_machine,3,2,0,delete_safe,Manifest canonical exists and is full_machine schema. Candidate is non-manifest lightweight placeholder.
kengan.json,kengan,Lケンガンアシュラ,placeholder_inference,3,2,0,dmm_slot_031.json,dmm_slot_031,パチスロ ケンガンアシュラ,full_machine,3,2,0,delete_safe,Manifest canonical exists and is full_machine schema. Candidate is non-manifest lightweight placeholder.
lovejo3.json,lovejo3,ラブ嬢3～Wご指名はいかがですか？～,placeholder_inference,3,2,0,dmm_slot_025.json,dmm_slot_025,Lラブ嬢3〜Wご指名はいかがですか？〜,full_machine,3,2,0,delete_safe,Manifest canonical exists and is full_machine schema. Candidate is non-manifest lightweight placeholder.
madoka_forte.json,madoka_forte,劇場版魔法少女まどか☆マギカ f-フォルテ-,placeholder_inference,3,1,0,dmm_slot_037.json,dmm_slot_037,スマスロ劇場版 魔法少女まどか☆マギカ[前編]始まりの物語／[後編]永遠の物語f-フォルテ-,full_machine,4,3,0,delete_safe,Manifest canonical exists and is full_machine schema. Candidate is non-manifest lightweight placeholder.
monkey_turn_v.json,monkey_turn_v,スマスロ モンキーターンV,legacy_simple,0,4,0,dmm_slot_027.json,dmm_slot_027,スマスロモンキーターンV,full_machine,2,1,2,delete_safe,Manifest canonical exists and is more complete. Candidate uses older simplified settingReferenceValues-only structure.
ring_v.json,ring_v,Lリングにかけろ1 V,placeholder_inference,3,2,0,dmm_slot_024.json,dmm_slot_024,L リングにかけろ1 V,full_machine,4,3,3,delete_safe,Manifest canonical exists and is full_machine schema. Candidate is non-manifest lightweight placeholder.
toaru.json,toaru,スマスロ とある魔術の禁書目録,placeholder_inference,3,2,0,dmm_slot_034.json,dmm_slot_034,スマスロとある魔術の禁書目録,full_machine,4,3,0,delete_safe,Manifest canonical exists and is full_machine schema. Candidate is non-manifest lightweight placeholder.
lupin.json,lupin,ルパン三世 大航海者,unknown,0,0,0,list_slot_040.json,list_slot_040,Lルパン三世 大航海者の秘宝,full_machine,5,3,3,delete_safe,Re-check found manifest canonical list_slot_040.json. Candidate is minimal notes-only rogue JSON and can be removed.
