machineId,machineName,fileName,section,auditClass,counterCount,referenceCount,settingStages,ceilingRuleCount,notes,gaps
dmm_slot_001,スマスロ BIRDIE WING -Golf Girls' Story-,dmm_slot_001.json,DMM追加機,audited,5,2,1/2/3/4/5/6,0,公開解析ベースへ更新。通常時初当たりとST初当たりのみを主判別に採用し、未確定のCZ/直撃差は推測対象から除外。暫定値を撤去した精度優先版。,天井未整理
dmm_slot_002,スマスロ バイオハザードRE:3,dmm_slot_002.json,DMM追加機,audited,5,1,1/2/3/4/5/6,0,公開解析ベースへ更新。AT初当たりのみ設定差が明確に公開されているため主判別に採用。未確定のCZ/ボーナス/直撃差は一旦除外した精度優先版。,天井未整理
dmm_slot_003,Ｌタクトオーパス デスティニー,dmm_slot_003.json,DMM追加機,audited,5,1,1/2/3/4/5/6,0,公開スペック反映版。現時点で信頼できる設定差はAT初当たり中心のため、未確認のCZ/ボーナス差は除外。怪しい暫定値を外した保守的な完全版。,
dmm_slot_004,スマスロ ビッグドリーム THE GOLDEN PUSHER,dmm_slot_004.json,DMM追加機,audited,5,2,1/2/3/4/5/6,0,公開解析ベースへ更新。CZ「ジャッジメント」とAT「ゴールデンボーナス」の確率差のみ採用し、根拠の薄いボーナス/直撃暫定値を除外。,天井未整理
dmm_slot_005,スマスロスーパーリオエース2,dmm_slot_005.json,DMM追加機,audited,5,1,1/2/3/4/5/6,0,公開解析ベースへ更新。現時点で信頼できる数値差は初当たり確率のみのため、BIG/REG/CZ/ATの暫定差分は撤去。まずは初当たりを軸にした保守的な完全版。,天井未整理
dmm_slot_006,LB スロット GALFY,dmm_slot_006.json,DMM追加機,audited,4,3,1/2/5/6,0,4段階設定対応に合わせて設定1・2・5・6の公開済みボーナス確率を反映。小役差は公開未確認のため未収録。BIG/REGを主軸、合算ボーナスは補助扱い。,天井未整理
dmm_slot_007,スマスロ ミリオンゴッド-神々の軌跡-,dmm_slot_007.json,DMM追加機,audited,5,1,1/2/3/4/5/6,0,暫定テンプレのCZ・ボーナス・直撃差分を撤去し、公開済みのAT初当たり確率のみ反映した再構成版。偶数設定優遇型のため、現時点ではAT初当たりを単独主指標として扱う。未公開の小役・示唆演出は反映保留。,天井未整理 / 未反映要素あり
dmm_slot_008,アニマルスロット ドッチ,dmm_slot_008.json,DMM追加機,audited,4,3,1/2/3/4/5/6,0,暫定テンプレ値を撤去し、公開済みのBIG・REG・合算ボーナス確率へ全面差し替え。現状は通常時ボーナス差のみを採用し、未公開の小役・CZ/ST関連は反映保留。合算はBIG/REGと重複するため補助指標として軽め。,未反映要素あり
dmm_slot_009,真打 吉宗,dmm_slot_009.json,DMM追加機,audited,5,2,1/2/3/4/5/6,0,暫定テンプレ値を撤去し、公開済みのCZ確率・AT初当たり確率へ差し替え。AT初当たりを主判別、CZを補助に設定。未公開の小役・直撃・示唆演出は反映保留。,未反映要素あり
dmm_slot_010,LBトリプルクラウンセブン,dmm_slot_010.json,DMM追加機,audited,4,3,1/2/5/6,0,4段階設定対応に合わせて設定1・2・5・6の公開済みボーナス確率を反映。小役差は未確認のため未収録。REGと合算を重視し、BIGは補助に設定。,天井未整理
dmm_slot_011,スマスロヨルムンガンド,dmm_slot_011.json,DMM追加機,audited,5,2,1/2/3/4/5/6,0,公開済みのCZ・AT初当たり確率で暫定差分を置換した更新版。未確認のボーナス・直撃差は撤去し、AT初当たりを主判別、CZを補助判別として扱う。,天井未整理
dmm_slot_012,L虚構推理,dmm_slot_012.json,DMM追加機,audited,5,2,1/2/3/4/5/6,0,公開済みのCZ・ボーナス初当たり確率で暫定差分を置換した更新版。未確認のAT・直撃差は撤去し、ボーナス初当たりを主判別、CZを補助判別として扱う。,天井未整理
dmm_slot_013,A-SLOT+ 異世界かるてっと BT,dmm_slot_013.json,DMM追加機,audited,4,1,1/2/5/6,0,4段階設定対応に合わせて設定1・2・5・6の公開済みボーナス初当り/合算を反映。小役差は未公開のため未収録。現状はボーナス合算を主判別として運用。,天井未整理
dmm_slot_014,Lアクダマドライブ,dmm_slot_014.json,DMM追加機,audited,5,3,1/2/3/4/5/6,0,公開済みのCZ・ボーナス初当たり・AT初当たり確率で暫定差分を置換した更新版。未確認の直撃差は撤去し、AT初当たりを主判別、CZとボーナス初当たりを補助判別として扱う。,天井未整理
dmm_slot_015,スマスロ サンダーV,dmm_slot_015.json,ノーマルタイプ,audited,6,5,1/2/5/6,0,4段階設定対応に合わせて設定1・2・5・6のボーナス確率と通常時小役差を反映。REGとベル合算を主軸、スイカ合算は補助。チェリー系は差が小さいため未収録。,天井未整理
dmm_slot_016,スマスロ 甲鉄城のカバネリ 海門（うなと）決戦,dmm_slot_016.json,DMM追加機,audited,3,2,1/2/3/4/5/6,0,公開解析ベースへ更新。ボーナス初当りとST確率を主軸に再構成した精度重視版。公開されていない直撃・補助指標は採用していません。,天井未整理
dmm_slot_017,スマスロ ハナビ,dmm_slot_017.json,ノーマルタイプ,audited,5,4,1/2/5/6,0,4段階設定対応に合わせて設定1・2・5・6のボーナス確率と通常時小役差を反映。風鈴合算を主軸、ボーナス合算とREGを補助に再構成。ダミーのCZ/AT/直撃構成は撤去。,天井未整理
dmm_slot_018,スマスロ 攻殻機動隊,dmm_slot_018.json,DMM追加機,audited,3,2,1/2/3/4/5/6,0,公開解析ベースへ更新。CZ確率とAT初当りを主指標に整理。ボーナス・直撃のダミー差分は削除しました。,天井未整理
dmm_slot_019,L範馬刃牙,dmm_slot_019.json,6.5号機〜AT系,audited,3,2,1/2/3/4/5/6,0,公開解析ベースへ更新。ボーナス確率とAT初当りの2軸構成。公開差分のない補助指標は未採用です。,天井未整理 / 未反映要素あり
dmm_slot_020,Lパチスロ 炎炎ノ消防隊2,dmm_slot_020.json,DMM追加機,audited,3,2,1/2/3/4/5/6,0,公開解析ベースへ更新。ボーナス初当りと炎炎ループ初当りを主指標に再構成。未確定の補助要素は採用していません。,天井未整理
dmm_slot_021,ミクちゃんとイドムンのミラクルチャレンジ2,dmm_slot_021.json,その他・バラエティ,audited,5,4,1/2/3/4/5/6,0,公開解析ベースへ更新。A/BT系としてREGを主軸に、合算とBIGを補助化。チェリー合算も公開値で追加し、テンプレ値を排除しました。,
dmm_slot_022,ニューシオサイ,dmm_slot_022.json,DMM追加機,audited,4,3,1/2/3/4/5/6,0,公開解析ベースへ更新。ニューシオサイはREGと合算を重視し、BIGは補助扱いで再構成しました。,
dmm_slot_023,パチスロ琉神−30 スイカバージョン,dmm_slot_023.json,DMM追加機,audited,4,3,1/2/4/5/6,0,公開解析ベースへ更新。設定1・2・4・5・6の5段階対応へ変更。未公表の設定3は推測対象から除外しています。,天井未整理
dmm_slot_024,L リングにかけろ1 V,dmm_slot_024.json,DMM追加機,audited,4,3,1/2/3/4/5/6,0,公開解析ベースへ更新。ボーナス・ST・菊チャンスを主指標に再構成。公開値のない直撃ATは削除しました。,天井未整理
dmm_slot_025,Lラブ嬢3〜Wご指名はいかがですか？〜,dmm_slot_025.json,DMM追加機,audited,3,2,1/2/3/4/5/6,0,公開解析ベースへ更新。AT初当りに加え、W LOVE RUSH出現率を補助指標として採用。公開差分が限られるため2項目構成です。,天井未整理
dmm_slot_026,L花の慶次～佐渡攻めの章〜,dmm_slot_026.json,DMM追加機,audited,3,2,1/2/3/4/5/6,0,公開解析ベースへ更新。初当りとAT「修羅の刻」初当りを主軸に再構成。,天井未整理
dmm_slot_027,スマスロモンキーターンV,dmm_slot_027.json,DMM追加機,audited,2,1,1/2/4/5/6,0,公開解析ベースへ更新。設定1・2・4・5・6の5段階対応。公開差分はAT初当り中心のため単軸構成です。,天井未整理
dmm_slot_028,クランキークレスト,dmm_slot_028.json,ノーマルタイプ,audited,5,4,1/2/5/6,0,公開解析ベースへ更新。設定1・2・5・6の4段階対応へ変更。REGと合算を主軸に、ベルAを小役補助として追加しました。,
dmm_slot_029,マジカルハロウィン８,dmm_slot_029.json,DMM追加機,audited,5,4,1/2/3/4/5/6,0,公開解析ベースへ更新。ART初当り・どこまじ出現率・ボーナス確率を採用。共通コインは入力負荷を考慮して今回は未採用です。,未反映要素あり
dmm_slot_030,推しスロ アイドルVer.,dmm_slot_030.json,その他・バラエティ,draft,1,0,,0,partial: 設定1〜5・設定6非搭載までは公開確認済みですが、現時点で汎用カウンタに落とし込める公開分母値を確認できていません。ダミー値混入を避けるため設定差データは一旦空にしています。,比較値未登録
dmm_slot_031,パチスロ ケンガンアシュラ,dmm_slot_031.json,DMM追加機,audited,3,2,1/2/3/4/5/6,0,公開解析ベースへ更新。AT初当りとCZトータル出現率を採用。テンプレ差分は排除しました。,天井未整理
dmm_slot_032,Sちゅらちゅら,dmm_slot_032.json,DMM追加機,audited,4,3,1/2/3/4/5/6,0,最新機種Sちゅらちゅら/Gベースで再整理。公開確認できたボーナス確率のみを採用し、BIG・REG・合算の3指標で構成。小役・示唆は未採用のため簡易推測扱い。,未反映要素あり
dmm_slot_033,L ひぐらしのなく頃に 業,dmm_slot_033.json,DMM追加機,audited,6,5,1/2/3/4/5/6,0,公開解析ベースへ更新。BB合算・RB・ボーナス合算に加え、共通ベルとスイカを小役指標として採用しました。,天井未整理
dmm_slot_034,スマスロとある魔術の禁書目録,dmm_slot_034.json,DMM追加機,audited,4,3,1/2/3/4/5/6,0,公開解析ベースへ更新。AT初当り・CZ「BREAK BATTLE」・EP&SP当選率を採用し、OVER BREAK率は手動集計負荷が高いため未採用です。,天井未整理 / 未反映要素あり
dmm_slot_035,デジスロ JAC INバージョン,dmm_slot_035.json,DMM追加機,audited,4,3,1/2/3/4,0,公開解析ベースへ更新。設定1〜4の4段階機として再構成。REG重視で、BIGと合算を補助採用しました。,
dmm_slot_036,L大工の源さん超夢源,dmm_slot_036.json,DMM追加機,audited,3,2,1/2/4/5/6,0,公開解析ベースへ更新。設定1・2・4・5・6の5段階対応。ボーナス初当りを主軸に、CZ「源チャレンジ」を補助指標として採用しました。,天井未整理
dmm_slot_037,スマスロ劇場版 魔法少女まどか☆マギカ[前編]始まりの物語／[後編]永遠の物語f-フォルテ-,dmm_slot_037.json,DMM追加機,audited,4,3,1/2/3/4/5/6,0,公開解析ベースへ更新。ボーナス初当りを主軸に、弱チェリーとソウルジェムシステム発動率を採用しました。発動率は分母換算で近似入力する運用です。,天井未整理
dmm_slot_038,パチスロ交響詩篇エウレカセブン HI-EVOLUTION ZERO TYPE-ART,dmm_slot_038.json,DMM追加機,audited,5,4,1/2/3/4/5/6,0,公開解析ベースへ更新。BB合算・RB合算・CM初当り・初当り合算を採用しました。,天井未整理
dmm_slot_039,L エヴァンゲリオン ～未来への創造～,dmm_slot_039.json,DMM追加機,audited,3,2,1/2/4/5/6,0,公開解析ベースへ更新。設定1・2・4・5・6の5段階対応。初当りとATを採用しました。,天井未整理
dmm_slot_040,スーハナライジング-30,dmm_slot_040.json,沖スロ・ハナハナ系,audited,5,4,1/2/3/5/6,0,公開解析ベースへ更新。設定1・2・3・5・6の5段階対応。REGと合算を重視し、共通ベルAを小役補助として追加しました。,
funky_juggler_2,ファンキージャグラー2,funky_juggler_2.json,ノーマルタイプ,audited,5,3,1/2/3/4/5/6,0,初期登録用の参考データ。BIG先行寄り。,初期データ注記あり
gogo_juggler_3,ゴーゴージャグラー3,gogo_juggler_3.json,ノーマルタイプ,audited,5,3,1/2/3/4/5/6,0,初期登録用の参考データ。バランス型。,初期データ注記あり
happy_juggler_v3,ハッピージャグラーV III,happy_juggler_v3.json,ノーマルタイプ,audited,5,3,1/2/3/4/5/6,0,初期登録用の参考データ。REGとぶどうで差を付けています。,初期データ注記あり
hokuto,スマスロ北斗の拳,hokuto.json,既存個別機,partial,8,4,1/2/3/4/5/6,2,公開解析ベースへ更新。初当りBBに加え、弱スイカ・強スイカ・リーチ目役の小役設定差を重視する。CZ/直撃系は補助扱い。,
im_juggler_ex,アイムジャグラーEX,im_juggler_ex.json,ノーマルタイプ,audited,5,3,1/2/3/4/5/6,0,初期登録用の参考データ。推測ロジック確認向け。,初期データ注記あり
kabaneri,甲鉄城のカバネリ,kabaneri.json,既存個別機,audited,6,3,1/2/3/4/5/6,3,公開解析ベースへ更新。初当りボーナス/ST合算に加え、共通6枚ベルの小役設定差を重視する。CZ・直撃系は補助扱い。,
karakuri_circus,Lからくりサーカス,karakuri_circus.json,スマスロ・AT/BT系,partial,5,2,1/2/3/4/5/6,3,公開スペック不足機を含むため、AT初当り/CZ初当りを主軸に再整理した推測データ。低頻度の直撃・ボーナスは過信を避けるため主判別から除外。,
list_slot_001,Lゴブリンスレイヤー,list_slot_001.json,スマスロ・AT/BT系,partial,4,3,1/2/3/4/5/6,0,partial: 一撃掲載のAT初当り・共通ベル・CZ合算確率を反映。主判別はAT初当りと共通ベル、CZは補助判別として採用。終了画面や獲得枚数示唆は入力型に落とし込みづらいため今回は未反映。,天井未整理 / 未反映要素あり
list_slot_002,L戦国乙女4 戦乱に閃く炯眼の軍師,list_slot_002.json,スマスロ・AT/BT系,partial,4,3,1/2/3/4/5/6,0,partial: 一撃掲載の初当り合算・通常時AT直撃・CZトータル突入率を反映。通常時のボーナス+AT初当りを主軸にし、AT直撃と乙女アタック突入率を補助要素として使う構成。,天井未整理
list_slot_003,Lコードギアス 反逆のルルーシュ,list_slot_003.json,スマスロ・AT/BT系,partial,4,3,1/2/3/4/5/6,0,partial: 一撃掲載のAT初当り・通常時ボーナス初当り・AT直撃当選率を反映。スマスロ版コードギアス共通データとして採用し、ボーナス初当りを主軸、AT初当りと直撃を補助に置く。,天井未整理
list_slot_004,Lコードギアス 復活のルルーシュ,list_slot_004.json,スマスロ・AT/BT系,partial,4,3,1/2/3/4/5/6,0,partial: 一撃掲載のスマスロ版コードギアス共通解析を反映。通常時ボーナス初当りを主軸に、AT初当りとAT直撃を補助要素として採用。反逆/復活の個別差が追加公開された場合は再分離前提。,天井未整理
list_slot_005,L転生したらスライムだった件,list_slot_005.json,スマスロ・AT/BT系,draft,5,0,,0,draft: 機種リスト反映用の丁寧版仮登録です。スマスロ・AT/BT系として追加。初当り・CZ・AT/BT系の汎用入力欄を先に整備し、公開比較値は未登録。機種名・入力導線・manifest 反映を先に固め、信頼できる解析値が揃うまで settingReferenceValues は空のまま保持します。汎用テンプレートのため、機種情報更新時は名称・メーカー・リンク・正式カウンタ名・設定差のみ追加更新すればよい構成です。,比較値未登録 / 天井未整理
list_slot_006,スマスロ バイオハザード RE:2,list_slot_006.json,スマスロ・AT/BT系,draft,5,0,,0,draft: 機種リスト反映用の丁寧版仮登録です。スマスロ・AT/BT系として追加。初当り・CZ・AT/BT系の汎用入力欄を先に整備し、公開比較値は未登録。機種名・入力導線・manifest 反映を先に固め、信頼できる解析値が揃うまで settingReferenceValues は空のまま保持します。汎用テンプレートのため、機種情報更新時は名称・メーカー・リンク・正式カウンタ名・設定差のみ追加更新すればよい構成です。,比較値未登録 / 天井未整理
list_slot_007,L主役は銭形4,list_slot_007.json,スマスロ・AT/BT系,draft,5,0,,0,draft: 機種リスト反映用の丁寧版仮登録です。スマスロ・AT/BT系として追加。初当り・CZ・AT/BT系の汎用入力欄を先に整備し、公開比較値は未登録。機種名・入力導線・manifest 反映を先に固め、信頼できる解析値が揃うまで settingReferenceValues は空のまま保持します。汎用テンプレートのため、機種情報更新時は名称・メーカー・リンク・正式カウンタ名・設定差のみ追加更新すればよい構成です。,比較値未登録 / 天井未整理
list_slot_008,Lストライクウィッチーズ2,list_slot_008.json,スマスロ・AT/BT系,draft,5,0,,0,draft: 機種リスト反映用の丁寧版仮登録です。スマスロ・AT/BT系として追加。初当り・CZ・AT/BT系の汎用入力欄を先に整備し、公開比較値は未登録。機種名・入力導線・manifest 反映を先に固め、信頼できる解析値が揃うまで settingReferenceValues は空のまま保持します。汎用テンプレートのため、機種情報更新時は名称・メーカー・リンク・正式カウンタ名・設定差のみ追加更新すればよい構成です。,比較値未登録 / 天井未整理
list_slot_009,L麻雀格闘倶楽部 覚醒,list_slot_009.json,スマスロ・AT/BT系,draft,5,0,,0,draft: 機種リスト反映用の丁寧版仮登録です。スマスロ・AT/BT系として追加。初当り・CZ・AT/BT系の汎用入力欄を先に整備し、公開比較値は未登録。機種名・入力導線・manifest 反映を先に固め、信頼できる解析値が揃うまで settingReferenceValues は空のまま保持します。汎用テンプレートのため、機種情報更新時は名称・メーカー・リンク・正式カウンタ名・設定差のみ追加更新すればよい構成です。,比較値未登録 / 天井未整理
list_slot_010,Lベルセルク無双,list_slot_010.json,スマスロ・AT/BT系,draft,5,0,,0,draft: 機種リスト反映用の丁寧版仮登録です。スマスロ・AT/BT系として追加。初当り・CZ・AT/BT系の汎用入力欄を先に整備し、公開比較値は未登録。機種名・入力導線・manifest 反映を先に固め、信頼できる解析値が揃うまで settingReferenceValues は空のまま保持します。汎用テンプレートのため、機種情報更新時は名称・メーカー・リンク・正式カウンタ名・設定差のみ追加更新すればよい構成です。,比較値未登録 / 天井未整理
list_slot_011,押忍！番長4,list_slot_011.json,スマスロ・AT/BT系,partial,3,2,1/2/3/4/5/6,0,partial: 一撃掲載の初当り合算と通常時AT直撃を反映。番長4は画面示唆やモード要素の比重も高いが、入力型に落としやすい初当り合算を主軸にし、AT直撃を強い補助要素として採用。,
list_slot_012,L南国育ち,list_slot_012.json,スマスロ・AT/BT系,draft,5,0,,0,draft: 機種リスト反映用の丁寧版仮登録です。スマスロ・AT/BT系として追加。初当り・CZ・AT/BT系の汎用入力欄を先に整備し、公開比較値は未登録。機種名・入力導線・manifest 反映を先に固め、信頼できる解析値が揃うまで settingReferenceValues は空のまま保持します。汎用テンプレートのため、機種情報更新時は名称・メーカー・リンク・正式カウンタ名・設定差のみ追加更新すればよい構成です。,比較値未登録 / 天井未整理
list_slot_013,スマスロ痛いのは嫌なので防御力に極振りしたいと思います。,list_slot_013.json,スマスロ・AT/BT系,draft,5,0,,0,draft: 機種リスト反映用の丁寧版仮登録です。スマスロ・AT/BT系として追加。初当り・CZ・AT/BT系の汎用入力欄を先に整備し、公開比較値は未登録。機種名・入力導線・manifest 反映を先に固め、信頼できる解析値が揃うまで settingReferenceValues は空のまま保持します。汎用テンプレートのため、機種情報更新時は名称・メーカー・リンク・正式カウンタ名・設定差のみ追加更新すればよい構成です。,比較値未登録 / 天井未整理
list_slot_014,L東京喰種,list_slot_014.json,スマスロ・AT/BT系,draft,5,0,,0,draft: 機種リスト反映用の丁寧版仮登録です。スマスロ・AT/BT系として追加。初当り・CZ・AT/BT系の汎用入力欄を先に整備し、公開比較値は未登録。機種名・入力導線・manifest 反映を先に固め、信頼できる解析値が揃うまで settingReferenceValues は空のまま保持します。汎用テンプレートのため、機種情報更新時は名称・メーカー・リンク・正式カウンタ名・設定差のみ追加更新すればよい構成です。,比較値未登録 / 天井未整理
list_slot_015,Lアズールレーン THE ANIMATION,list_slot_015.json,スマスロ・AT/BT系,draft,5,0,,0,draft: 機種リスト反映用の丁寧版仮登録です。スマスロ・AT/BT系として追加。初当り・CZ・AT/BT系の汎用入力欄を先に整備し、公開比較値は未登録。機種名・入力導線・manifest 反映を先に固め、信頼できる解析値が揃うまで settingReferenceValues は空のまま保持します。汎用テンプレートのため、機種情報更新時は名称・メーカー・リンク・正式カウンタ名・設定差のみ追加更新すればよい構成です。,比較値未登録 / 天井未整理
list_slot_016,Lダーリン・イン・ザ・フランキス,list_slot_016.json,スマスロ・AT/BT系,draft,5,0,,0,draft: 機種リスト反映用の丁寧版仮登録です。スマスロ・AT/BT系として追加。初当り・CZ・AT/BT系の汎用入力欄を先に整備し、公開比較値は未登録。機種名・入力導線・manifest 反映を先に固め、信頼できる解析値が揃うまで settingReferenceValues は空のまま保持します。汎用テンプレートのため、機種情報更新時は名称・メーカー・リンク・正式カウンタ名・設定差のみ追加更新すればよい構成です。,比較値未登録 / 天井未整理
list_slot_017,L咲-Saki- 頂上決戦,list_slot_017.json,スマスロ・AT/BT系,draft,5,0,,0,draft: 機種リスト反映用の丁寧版仮登録です。スマスロ・AT/BT系として追加。初当り・CZ・AT/BT系の汎用入力欄を先に整備し、公開比較値は未登録。機種名・入力導線・manifest 反映を先に固め、信頼できる解析値が揃うまで settingReferenceValues は空のまま保持します。汎用テンプレートのため、機種情報更新時は名称・メーカー・リンク・正式カウンタ名・設定差のみ追加更新すればよい構成です。,比較値未登録 / 天井未整理
list_slot_018,Lうしおととら 白面決戦,list_slot_018.json,スマスロ・AT/BT系,draft,5,0,,0,draft: 機種リスト反映用の丁寧版仮登録です。スマスロ・AT/BT系として追加。初当り・CZ・AT/BT系の汎用入力欄を先に整備し、公開比較値は未登録。機種名・入力導線・manifest 反映を先に固め、信頼できる解析値が揃うまで settingReferenceValues は空のまま保持します。汎用テンプレートのため、機種情報更新時は名称・メーカー・リンク・正式カウンタ名・設定差のみ追加更新すればよい構成です。,比較値未登録 / 天井未整理
list_slot_019,Lゴジラ,list_slot_019.json,スマスロ・AT/BT系,draft,5,0,,0,draft: 機種リスト反映用の丁寧版仮登録です。スマスロ・AT/BT系として追加。初当り・CZ・AT/BT系の汎用入力欄を先に整備し、公開比較値は未登録。機種名・入力導線・manifest 反映を先に固め、信頼できる解析値が揃うまで settingReferenceValues は空のまま保持します。汎用テンプレートのため、機種情報更新時は名称・メーカー・リンク・正式カウンタ名・設定差のみ追加更新すればよい構成です。,比較値未登録 / 天井未整理
list_slot_020,L少女☆歌劇 レヴュースタァライト -The SLOT-,list_slot_020.json,スマスロ・AT/BT系,draft,5,0,,0,draft: 機種リスト反映用の丁寧版仮登録です。スマスロ・AT/BT系として追加。初当り・CZ・AT/BT系の汎用入力欄を先に整備し、公開比較値は未登録。機種名・入力導線・manifest 反映を先に固め、信頼できる解析値が揃うまで settingReferenceValues は空のまま保持します。汎用テンプレートのため、機種情報更新時は名称・メーカー・リンク・正式カウンタ名・設定差のみ追加更新すればよい構成です。,比較値未登録 / 天井未整理
list_slot_021,L仮面ライダー電王,list_slot_021.json,スマスロ・AT/BT系,draft,5,0,,0,draft: 機種リスト反映用の丁寧版仮登録です。スマスロ・AT/BT系として追加。初当り・CZ・AT/BT系の汎用入力欄を先に整備し、公開比較値は未登録。機種名・入力導線・manifest 反映を先に固め、信頼できる解析値が揃うまで settingReferenceValues は空のまま保持します。汎用テンプレートのため、機種情報更新時は名称・メーカー・リンク・正式カウンタ名・設定差のみ追加更新すればよい構成です。,比較値未登録 / 天井未整理
list_slot_022,Lありふれた職業で世界最強,list_slot_022.json,スマスロ・AT/BT系,draft,5,0,,0,draft: 機種リスト反映用の丁寧版仮登録です。スマスロ・AT/BT系として追加。初当り・CZ・AT/BT系の汎用入力欄を先に整備し、公開比較値は未登録。機種名・入力導線・manifest 反映を先に固め、信頼できる解析値が揃うまで settingReferenceValues は空のまま保持します。汎用テンプレートのため、機種情報更新時は名称・メーカー・リンク・正式カウンタ名・設定差のみ追加更新すればよい構成です。,比較値未登録 / 天井未整理
list_slot_023,Lパチスロ シン・エヴァンゲリオン,list_slot_023.json,スマスロ・AT/BT系,draft,5,0,,0,draft: 機種リスト反映用の丁寧版仮登録です。スマスロ・AT/BT系として追加。初当り・CZ・AT/BT系の汎用入力欄を先に整備し、公開比較値は未登録。機種名・入力導線・manifest 反映を先に固め、信頼できる解析値が揃うまで settingReferenceValues は空のまま保持します。汎用テンプレートのため、機種情報更新時は名称・メーカー・リンク・正式カウンタ名・設定差のみ追加更新すればよい構成です。,比較値未登録 / 天井未整理
list_slot_024,Lにゃんこ大戦争 超神速,list_slot_024.json,スマスロ・AT/BT系,draft,5,0,,0,draft: 機種リスト反映用の丁寧版仮登録です。スマスロ・AT/BT系として追加。初当り・CZ・AT/BT系の汎用入力欄を先に整備し、公開比較値は未登録。機種名・入力導線・manifest 反映を先に固め、信頼できる解析値が揃うまで settingReferenceValues は空のまま保持します。汎用テンプレートのため、機種情報更新時は名称・メーカー・リンク・正式カウンタ名・設定差のみ追加更新すればよい構成です。,比較値未登録 / 天井未整理
list_slot_025,パチスロ 炎炎ノ消防隊,list_slot_025.json,6.5号機〜AT系,partial,4,3,1/2/4/5/6,0,partial: 一撃掲載の初当り・ボーナス・炎炎ループ確率を反映。主判別は初当り、ボーナス初当りと炎炎ループ当選を補助評価とする。シリーズ後継機との差異があるため現行機種名ベースで固定。,天井未整理
list_slot_026,EVANGELION FESTIVAL,list_slot_026.json,6.5号機〜AT系,draft,5,0,,0,draft: 機種リスト反映用の丁寧版仮登録です。6.5号機〜AT系として追加。初当り・CZ・AT/BT系の汎用入力欄を先に整備し、公開比較値は未登録。機種名・入力導線・manifest 反映を先に固め、信頼できる解析値が揃うまで settingReferenceValues は空のまま保持します。汎用テンプレートのため、機種情報更新時は名称・メーカー・リンク・正式カウンタ名・設定差のみ追加更新すればよい構成です。,比較値未登録 / 天井未整理
list_slot_027,Sアクエリオン ALL STARS,list_slot_027.json,6.5号機〜AT系,draft,5,0,,0,draft: 機種リスト反映用の丁寧版仮登録です。6.5号機〜AT系として追加。初当り・CZ・AT/BT系の汎用入力欄を先に整備し、公開比較値は未登録。機種名・入力導線・manifest 反映を先に固め、信頼できる解析値が揃うまで settingReferenceValues は空のまま保持します。汎用テンプレートのため、機種情報更新時は名称・メーカー・リンク・正式カウンタ名・設定差のみ追加更新すればよい構成です。,比較値未登録 / 天井未整理
list_slot_028,鉄拳5,list_slot_028.json,6.5号機〜AT系,draft,5,0,,0,draft: 機種リスト反映用の丁寧版仮登録です。6.5号機〜AT系として追加。初当り・CZ・AT/BT系の汎用入力欄を先に整備し、公開比較値は未登録。機種名・入力導線・manifest 反映を先に固め、信頼できる解析値が揃うまで settingReferenceValues は空のまま保持します。汎用テンプレートのため、機種情報更新時は名称・メーカー・リンク・正式カウンタ名・設定差のみ追加更新すればよい構成です。,比較値未登録
list_slot_029,パチスロ幼女戦記,list_slot_029.json,6.5号機〜AT系,draft,5,0,,0,draft: 機種リスト反映用の丁寧版仮登録です。6.5号機〜AT系として追加。初当り・CZ・AT/BT系の汎用入力欄を先に整備し、公開比較値は未登録。機種名・入力導線・manifest 反映を先に固め、信頼できる解析値が揃うまで settingReferenceValues は空のまま保持します。汎用テンプレートのため、機種情報更新時は名称・メーカー・リンク・正式カウンタ名・設定差のみ追加更新すればよい構成です。,比較値未登録 / 天井未整理
list_slot_030,スマスロ シャーマンキング,list_slot_030.json,6.5号機〜AT系,draft,5,0,,0,draft: 機種リスト反映用の丁寧版仮登録です。6.5号機〜AT系として追加。初当り・CZ・AT/BT系の汎用入力欄を先に整備し、公開比較値は未登録。機種名・入力導線・manifest 反映を先に固め、信頼できる解析値が揃うまで settingReferenceValues は空のまま保持します。汎用テンプレートのため、機種情報更新時は名称・メーカー・リンク・正式カウンタ名・設定差のみ追加更新すればよい構成です。,比較値未登録 / 天井未整理
list_slot_031,新鬼武者2,list_slot_031.json,6.5号機〜AT系,draft,5,0,,0,draft: 機種リスト反映用の丁寧版仮登録です。6.5号機〜AT系として追加。初当り・CZ・AT/BT系の汎用入力欄を先に整備し、公開比較値は未登録。機種名・入力導線・manifest 反映を先に固め、信頼できる解析値が揃うまで settingReferenceValues は空のまま保持します。汎用テンプレートのため、機種情報更新時は名称・メーカー・リンク・正式カウンタ名・設定差のみ追加更新すればよい構成です。,比較値未登録
list_slot_032,FAIRY TAIL2,list_slot_032.json,6.5号機〜AT系,draft,5,0,,0,draft: 機種リスト反映用の丁寧版仮登録です。6.5号機〜AT系として追加。初当り・CZ・AT/BT系の汎用入力欄を先に整備し、公開比較値は未登録。機種名・入力導線・manifest 反映を先に固め、信頼できる解析値が揃うまで settingReferenceValues は空のまま保持します。汎用テンプレートのため、機種情報更新時は名称・メーカー・リンク・正式カウンタ名・設定差のみ追加更新すればよい構成です。,比較値未登録 / 天井未整理
list_slot_033,ペルソナ5,list_slot_033.json,6.5号機〜AT系,draft,5,0,,0,draft: 機種リスト反映用の丁寧版仮登録です。6.5号機〜AT系として追加。初当り・CZ・AT/BT系の汎用入力欄を先に整備し、公開比較値は未登録。機種名・入力導線・manifest 反映を先に固め、信頼できる解析値が揃うまで settingReferenceValues は空のまま保持します。汎用テンプレートのため、機種情報更新時は名称・メーカー・リンク・正式カウンタ名・設定差のみ追加更新すればよい構成です。,比較値未登録
list_slot_034,パチスロ盾の勇者の成り上がり,list_slot_034.json,6.5号機〜AT系,draft,5,0,,0,draft: 機種リスト反映用の丁寧版仮登録です。6.5号機〜AT系として追加。初当り・CZ・AT/BT系の汎用入力欄を先に整備し、公開比較値は未登録。機種名・入力導線・manifest 反映を先に固め、信頼できる解析値が揃うまで settingReferenceValues は空のまま保持します。汎用テンプレートのため、機種情報更新時は名称・メーカー・リンク・正式カウンタ名・設定差のみ追加更新すればよい構成です。,比較値未登録 / 天井未整理
list_slot_035,S BOØWY,list_slot_035.json,6.5号機〜AT系,draft,5,0,,0,draft: 機種リスト反映用の丁寧版仮登録です。6.5号機〜AT系として追加。初当り・CZ・AT/BT系の汎用入力欄を先に整備し、公開比較値は未登録。機種名・入力導線・manifest 反映を先に固め、信頼できる解析値が揃うまで settingReferenceValues は空のまま保持します。汎用テンプレートのため、機種情報更新時は名称・メーカー・リンク・正式カウンタ名・設定差のみ追加更新すればよい構成です。,比較値未登録
list_slot_036,バイオハザード ヴィレッジ,list_slot_036.json,6.5号機〜AT系,draft,5,0,,0,draft: 機種リスト反映用の丁寧版仮登録です。6.5号機〜AT系として追加。初当り・CZ・AT/BT系の汎用入力欄を先に整備し、公開比較値は未登録。機種名・入力導線・manifest 反映を先に固め、信頼できる解析値が揃うまで settingReferenceValues は空のまま保持します。汎用テンプレートのため、機種情報更新時は名称・メーカー・リンク・正式カウンタ名・設定差のみ追加更新すればよい構成です。,比較値未登録
list_slot_037,パチスロ ダンジョンに出会いを求めるのは間違っているだろうか2,list_slot_037.json,6.5号機〜AT系,draft,5,0,,0,draft: 機種リスト反映用の丁寧版仮登録です。6.5号機〜AT系として追加。初当り・CZ・AT/BT系の汎用入力欄を先に整備し、公開比較値は未登録。機種名・入力導線・manifest 反映を先に固め、信頼できる解析値が揃うまで settingReferenceValues は空のまま保持します。汎用テンプレートのため、機種情報更新時は名称・メーカー・リンク・正式カウンタ名・設定差のみ追加更新すればよい構成です。,比較値未登録 / 天井未整理
list_slot_038,Re:ゼロから始める異世界生活 season2,list_slot_038.json,6.5号機〜AT系,draft,5,0,,0,draft: 機種リスト反映用の丁寧版仮登録です。6.5号機〜AT系として追加。初当り・CZ・AT/BT系の汎用入力欄を先に整備し、公開比較値は未登録。機種名・入力導線・manifest 反映を先に固め、信頼できる解析値が揃うまで settingReferenceValues は空のまま保持します。汎用テンプレートのため、機種情報更新時は名称・メーカー・リンク・正式カウンタ名・設定差のみ追加更新すればよい構成です。,比較値未登録
list_slot_039,この素晴らしい世界に祝福を！,list_slot_039.json,6.5号機〜AT系,draft,5,0,,0,draft: 機種リスト反映用の丁寧版仮登録です。6.5号機〜AT系として追加。初当り・CZ・AT/BT系の汎用入力欄を先に整備し、公開比較値は未登録。機種名・入力導線・manifest 反映を先に固め、信頼できる解析値が揃うまで settingReferenceValues は空のまま保持します。汎用テンプレートのため、機種情報更新時は名称・メーカー・リンク・正式カウンタ名・設定差のみ追加更新すればよい構成です。,比較値未登録
list_slot_040,Lルパン三世 大航海者の秘宝,list_slot_040.json,6.5号機〜AT系,draft,5,0,,0,draft: 機種リスト反映用の丁寧版仮登録です。6.5号機〜AT系として追加。初当り・CZ・AT/BT系の汎用入力欄を先に整備し、公開比較値は未登録。機種名・入力導線・manifest 反映を先に固め、信頼できる解析値が揃うまで settingReferenceValues は空のまま保持します。汎用テンプレートのため、機種情報更新時は名称・メーカー・リンク・正式カウンタ名・設定差のみ追加更新すればよい構成です。,比較値未登録 / 天井未整理
list_slot_041,黄門ちゃま天,list_slot_041.json,6.5号機〜AT系,draft,5,0,,0,draft: 機種リスト反映用の丁寧版仮登録です。6.5号機〜AT系として追加。初当り・CZ・AT/BT系の汎用入力欄を先に整備し、公開比較値は未登録。機種名・入力導線・manifest 反映を先に固め、信頼できる解析値が揃うまで settingReferenceValues は空のまま保持します。汎用テンプレートのため、機種情報更新時は名称・メーカー・リンク・正式カウンタ名・設定差のみ追加更新すればよい構成です。,比較値未登録
list_slot_042,ニューパルサーSP4,list_slot_042.json,ノーマルタイプ,partial,4,3,1/2/3/4/5/6,0,partial: 公開確認できたBB・RB・合算確率を反映。現時点ではボーナス主体の簡易推測構成。小役や示唆系は未採用のため、精度はREG寄りのノーマルタイプ基準で運用する。,未反映要素あり
list_slot_043,ニューパルサーDX3,list_slot_043.json,ノーマルタイプ,partial,4,3,1/2/3/4/6,0,partial: 公開確認できたBIG・REG・合算確率を反映。設定1/2/3/4/6の5段階機として構成。小役・示唆系は未採用のため、ボーナス主体の簡易推測扱い。,未反映要素あり
list_slot_044,ハナビ,list_slot_044.json,ノーマルタイプ,partial,5,4,1/2/5/6,0,partial: 新ハナビの公開BB・RB・合算確率に加え、通常時ベルA/B合算を採用。風鈴・氷・チェリー系は停止型や記録手段でブレやすいため、今回は汎用入力しやすいベル合算のみ反映した。,
list_slot_045,バーサスリヴァイズ,list_slot_045.json,ノーマルタイプ,partial,6,5,1/2/5/6,0,partial: 公開BB・RB・合算確率に加え、通常時ベル合算とRT中ハズレ確率を採用。ユニメモ前提の細分化要素は多いが、今回は実戦で取りやすい項目のみ採用した。,
list_slot_046,サンダーVライトニング,list_slot_046.json,ノーマルタイプ,partial,3,1,1/2/5/6,0,partial: 公開確認できたBIG合成確率を反映。参照元でREG確率が確認できなかったため、現段階ではBIG主体の簡易推測。補助要素が不足するため精度は低め。,
list_slot_047,アレックス ブライト,list_slot_047.json,ノーマルタイプ,partial,7,6,1/2/5/6,0,partial: 公開BB・RB・合算確率に加え、羽・3枚役・チェリー合算を採用。4段階設定機（1/2/5/6）として構成。小役はユニメモ併用が理想だが、通常時手カウントでも使える合算値のみ採用した。,
list_slot_048,ディスクアップ2,list_slot_048.json,ノーマルタイプ,partial,4,3,1/2/5/6,0,partial: 公開BB・RB・合算確率のみを反映。feat.DTや詳細フラグ判別まで入れると入力負荷が高いため、まずはボーナス主体の簡易推測として構成した。,
list_slot_049,A-SLOT+ ディスクアップ ULTRAREMIX,list_slot_049.json,ノーマルタイプ,partial,6,5,1/2/5/6,0,partial: 公開BB・RB・合算確率に加え、3枚役・スイカA/B合算を採用。AT/DT要素まで広げず、通常時に取りやすい差枚要素を優先して反映した。,天井未整理
list_slot_050,ファミスタ回胴版!!,list_slot_050.json,ノーマルタイプ,partial,4,3,1/2/5/6,0,partial: 公開確認できたBB・RB・合算確率を反映。ART関連や上位ボーナス振り分けは汎用入力に落とし込みづらいため今回は未採用。ボーナス主体の簡易推測として使用する。,未反映要素あり
list_slot_051,沖ドキ！GOLD,list_slot_051.json,沖スロ・ハナハナ系,partial,6,3,1/2/3/5/6,0,partial: 一撃掲載のBIG・REG・ボーナス初当り確率を反映。沖ドキ系はモード滞在でブレが大きいため、通常時の初当り回数を主軸にしつつBIG/REG内訳を補助評価に使う構成。共通ベルやチェリー差は公開情報に偏りがあるためカウンタのみ用意し、推測値には未反映。,天井未整理 / 未反映要素あり
list_slot_052,沖ドキ！DUO,list_slot_052.json,沖スロ・ハナハナ系,partial,5,1,1/2/3/4/5/6,0,partial: 一撃掲載のボーナス初当り確率を反映。モード依存機のため通常時初当りを主軸にした簡易推測構成。チェリーやテンパイボイスなどの示唆要素は入力補助欄のみ用意し、定量推測には未反映。,未反映要素あり
list_slot_053,スマート沖スロ 沖ドキ！DUO-30 アンコール,list_slot_053.json,沖スロ・ハナハナ系,partial,5,1,1/2/3/5/6,0,partial: 一撃掲載のボーナス初当り確率を反映。設定Lを除く5段階（1・2・3・5・6）構成。シリーズ初のスマスロ版で初当りは軽いが、連チャン性能のブレが大きいため初当り回数を最優先し、BIG/REG内訳は補助扱いとした。,
list_slot_054,チバリヨ2プラス,list_slot_054.json,沖スロ・ハナハナ系,partial,5,1,1/2/4/5/6,0,partial: 一撃掲載のボーナス初当り確率を反映。設定は1・2・4・5・6の5段階。チェリー契機の直撃にも差があるが、現段階では入力しやすさを優先して初当り主体に整理。弱チェリー系は補助欄のみ。,
list_slot_055,スマート沖スロ スターハナハナ,list_slot_055.json,沖スロ・ハナハナ系,partial,5,3,1/2/3/4/5/6,0,partial: 一撃掲載のBB・RB・合算確率を反映。ハナハナ系のためREG比率をやや重視。BIG/REG終了時示唆は重要だが定量化しづらいため、今回はボーナス数値中心で運用する。,
list_slot_056,スマート沖スロ ニューキングハナハナ-30,list_slot_056.json,沖スロ・ハナハナ系,partial,5,3,1/2/3/4/5,0,partial: DMM掲載の「仕様はメダル機と同じ」と一撃掲載のメダル版ボーナス確率をもとに、スマスロ版へ同一確率を反映。最高設定はV表記だがアプリ上は5段階目として扱う。小役差やランプ示唆は未反映。,未反映要素あり
list_slot_057,ニューキングハナハナ-30,list_slot_057.json,沖スロ・ハナハナ系,partial,5,3,1/2/3/4/5,0,partial: 一撃掲載の5段階ボーナス確率を反映。最高設定はV表記だがアプリ上は5段階目として扱う。BT機のためBIG枚数が高い一方、設定推測はREGと合算を重視する。,
list_slot_058,ドラゴンハナハナ～閃光～ 30,list_slot_058.json,沖スロ・ハナハナ系,partial,5,3,1/2/3/4/5/6,0,partial: 一撃掲載のBB・RB・合算確率を反映。ドラゴン閃光はBIG寄りスペックだが、設定推測の軸はREG。BIG中スイカやREG中サイドランプは強い補助要素のため入力欄のみ残した。,
list_slot_059,キングハナハナ-30,list_slot_059.json,沖スロ・ハナハナ系,partial,5,3,1/2/3/4/5/6,0,partial: 一撃掲載のBB・RB・合算確率を反映。キングハナハナは高スペック機だが、判別はREGと合算重視。フェザーランプ示唆は強いが定量化しづらいため、今回はボーナス数値中心の簡易推測構成。,
list_slot_060,ハナハナホウオウ～天翔～-30,list_slot_060.json,沖スロ・ハナハナ系,partial,5,3,1/2/3/4/5/6,0,partial: 一撃掲載のBB・RB・合算確率を反映。ホウオウ天翔はREG差が比較的大きいためREGと合算を重視。REG中サイドランプやトップランプ示唆は補助情報として扱い、数値推測には未反映。,未反映要素あり
list_slot_061,麻雀物語,list_slot_061.json,その他・バラエティ,partial,4,3,1/2/3/4/5/6,0,partial: 一撃掲載の通常時ボーナス初当り・AT合算・初当り合算を反映。実戦では終了画面やボイス示唆も重要だが、入力型に落としやすい初当り関連3項目を優先採用。,
list_slot_062,戦姫絶唱シンフォギア 正義の歌,list_slot_062.json,その他・バラエティ,partial,2,1,1/2/4/5/6,0,partial: 一撃掲載のAT初当り確率を反映。現時点で公開比較値として安定して使えるのがAT初当り中心のため、主判別1本での簡易推測構成として採用。,
list_slot_063,Lパチスロうみねこのなく頃に2,list_slot_063.json,その他・バラエティ,draft,5,0,,0,draft: 機種リスト反映用の丁寧版仮登録です。その他・バラエティとして追加。初当り・CZ・AT/BT系の汎用入力欄を先に整備し、公開比較値は未登録。機種名・入力導線・manifest 反映を先に固め、信頼できる解析値が揃うまで settingReferenceValues は空のまま保持します。汎用テンプレートのため、機種情報更新時は名称・メーカー・リンク・正式カウンタ名・設定差のみ追加更新すればよい構成です。,比較値未登録 / 天井未整理
monster_hunter_rise,スマスロ モンスターハンターライズ,monster_hunter_rise.json,既存個別機,audited,6,5,1/2/3/4/5/6,2,初期登録用の参考データ。CZ・AT初当たり・弱チェリーを重視。,初期データ注記あり
my_juggler_v,マイジャグラーV,my_juggler_v.json,ノーマルタイプ,audited,5,3,1/2/3/4/5/6,0,初期登録用の参考データ。REG比率を重めに設定。,初期データ注記あり
valvrave,L革命機ヴァルヴレイヴ,valvrave.json,スマスロ・AT/BT系,audited,5,2,1/2/3/4/5/6,4,公開スペック不足機を含むため、AT初当り/CZ初当りを主軸に再整理した推測データ。低頻度の直撃・ボーナスは過信を避けるため主判別から除外。,
