priority_group,source_zip,implementation_stage,file_name,machine_id,machine_name,manufacturer,machine_type,release_date,is_active,machine_notes,details_exists,details_file_name,manifest_updated_in_zip,counter_count,counter_keys,counter_labels,setting_reference_count,ceiling_count,ceiling_types,ceiling_limit_values,has_ceiling,dmm_url,ichigeki_url
A,slot_analyzer_A_priority_diff_2026-04-04.zip,full_machine_partial_with_ceiling,d4dj_pachi_slot_mix.json,d4dj_pachi_slot_mix,L D4DJ Pachi-Slot Mix,京楽,AT,2024-08-05,True,A優先機種追加。天井情報を先行実装し、現段階では実戦メモ入力と天井確認を優先。設定差の公開整理前のため settingReferenceValues は未投入で、後続の精度フェーズで補完予定。,True,d4dj_pachi_slot_mix.json,True,4,total_games|cz_count|bonus_count|at_count,総ゲーム数|CZ|ボーナス|AT,0,1,GAME,777,True,https://p-town.dmm.com/machines/4604,
A,slot_analyzer_A_priority_diff_2026-04-04.zip,full_machine_partial_with_ceiling,inuyasha_2.json,inuyasha_2,L 犬夜叉2,エフ,AT,2024-12-02,True,A優先機種追加。天井情報を先行実装し、現段階では実戦メモ入力と天井確認を優先。設定差の公開整理前のため settingReferenceValues は未投入で、後続の精度フェーズで補完予定。,True,inuyasha_2.json,True,4,total_games|cz_count|cz_through_count|at_count,総ゲーム数|CZ|CZスルー|AT,0,2,GAME|COUNT,666|7,True,https://p-town.dmm.com/machines/4690,
A,slot_analyzer_A_priority_diff_2026-04-04.zip,full_machine_partial_with_ceiling,akame_ga_kill_2.json,akame_ga_kill_2,Lアカメが斬る！ 2,SNT（新日テクノロジー）,BONUS_PLUS_AT,2024-07-08,True,A優先機種追加。天井情報を先行実装し、現段階では実戦メモ入力と天井確認を優先。設定差の公開整理前のため settingReferenceValues は未投入で、後続の精度フェーズで補完予定。,True,akame_ga_kill_2.json,True,4,total_games|bonus_count|at_count|zan_point_trigger_count,総ゲーム数|ボーナス|AT|斬ポイント契機AT,0,1,GAME,970,True,https://p-town.dmm.com/machines/4597,
A,slot_analyzer_A_priority_diff_2026-04-04.zip,full_machine_partial_with_ceiling,bandori.json,bandori,Lバンドリ！,平和,AT,,True,A優先機種追加。天井情報を先行実装し、現段階では実戦メモ入力と天井確認を優先。設定差の公開整理前のため settingReferenceValues は未投入で、後続の精度フェーズで補完予定。,True,bandori.json,True,4,total_games|cycle_count|at_count|single_streak_count,総ゲーム数|周期数|AT/ST|単発回数,0,1,CYCLE,10,True,https://p-town.dmm.com/machines/4641,
A,slot_analyzer_A_priority_diff_2026-04-04.zip,full_machine_partial_with_ceiling,gundam_seed.json,gundam_seed,Lパチスロ 機動戦士ガンダムSEED,,AT,,True,A優先機種追加。天井情報を先行実装し、現段階では実戦メモ入力と天井確認を優先。設定差の公開整理前のため settingReferenceValues は未投入で、後続の精度フェーズで補完予定。,True,gundam_seed.json,True,3,total_games|cz_count|at_count,総ゲーム数|CZ|AT,0,2,GAME|GAME,777|1280,True,https://p-town.dmm.com/machines/4788,
A,slot_analyzer_A_priority_diff_2026-04-04.zip,full_machine_partial_with_ceiling,macross_frontier_4.json,macross_frontier_4,Lパチスロマクロスフロンティア4,,AT,,True,A優先機種追加。天井情報を先行実装し、現段階では実戦メモ入力と天井確認を優先。設定差の公開整理前のため settingReferenceValues は未投入で、後続の精度フェーズで補完予定。,True,macross_frontier_4.json,True,4,total_games|bonus_count|bonus_through_count|at_count,総ゲーム数|ボーナス|ボーナススルー|バルキリータイム,0,2,GAME|COUNT,1500|6,True,https://p-town.dmm.com/machines/4464,
A,slot_analyzer_A_priority_diff_2026-04-04.zip,full_machine_partial_with_ceiling,one_punch_man.json,one_punch_man,Lワンパンマン,EXCITE,AT,,True,A優先機種追加。天井情報を先行実装し、現段階では実戦メモ入力と天井確認を優先。設定差の公開整理前のため settingReferenceValues は未投入で、後続の精度フェーズで補完予定。,True,one_punch_man.json,True,5,total_games|cz_count|cz_through_count|bonus_count|at_count,総ゲーム数|CZ|CZスルー|マジBB|AT,0,2,GAME|COUNT,320|6,True,https://p-town.dmm.com/machines/4623,
A,slot_analyzer_A_priority_diff_2026-04-04.zip,full_machine_partial_with_ceiling,mushoku_tensei.json,mushoku_tensei,L無職転生～異世界行ったら本気だす～,,BONUS_PLUS_AT,,True,A優先機種追加。天井情報を先行実装し、現段階では実戦メモ入力と天井確認を優先。設定差の公開整理前のため settingReferenceValues は未投入で、後続の精度フェーズで補完予定。,True,mushoku_tensei.json,True,4,total_games|stage_change_count|bonus_count|at_count,総ゲーム数|ステチェン回数|ボーナス|AT,0,2,COUNT|COUNT,19|40,True,https://p-town.dmm.com/machines/4924,
A,slot_analyzer_A_priority_diff_2026-04-04.zip,full_machine_partial_with_ceiling,saint_seiya_kaiou_custom_edition.json,saint_seiya_kaiou_custom_edition,L聖闘士星矢 海皇覚醒 CUSTOM EDITION,サンスリー,AT,2024-06-03,True,A優先機種追加。天井情報を先行実装し、現段階では実戦メモ入力と天井確認を優先。設定差の公開整理前のため settingReferenceValues は未投入で、後続の精度フェーズで補完予定。,True,saint_seiya_kaiou_custom_edition.json,True,4,total_games|gb_count|gb_through_count|at_count,総ゲーム数|GB|GBスルー|聖闘士RUSH,0,2,GAME|COUNT,999|8,True,https://p-town.dmm.com/machines/4572,
A,slot_analyzer_A_priority_diff_2026-04-04.zip,full_machine_partial_with_ceiling,mahjong_monogatari.json,mahjong_monogatari,L麻雀物語,,BONUS_PLUS_AT,,True,A優先機種追加。天井情報を先行実装し、現段階では実戦メモ入力と天井確認を優先。設定差の公開整理前のため settingReferenceValues は未投入で、後続の精度フェーズで補完予定。,True,mahjong_monogatari.json,True,5,total_games|cz_count|bonus_count|bonus_through_count|at_count,総ゲーム数|麻雀乱舞|ボーナス|ボーナススルー|AT,0,3,GAME|GAME|COUNT,400|999|6,True,https://p-town.dmm.com/machines/4777,
A,slot_analyzer_A_priority_diff_2026-04-04.zip,full_machine_partial_with_ceiling,iza_bancho.json,iza_bancho,いざ！番長,サボハニ,AT,2025-06-02,True,A優先機種追加。天井情報を先行実装し、現段階では実戦メモ入力と天井確認を優先。設定差の公開整理前のため settingReferenceValues は未投入で、後続の精度フェーズで補完予定。,True,iza_bancho.json,True,4,total_games|cz_count|bonus_count|at_count,総ゲーム数|CZ|番長ボーナス|AT,0,1,GAME,999,True,https://p-town.dmm.com/machines/4805,
A,slot_analyzer_A_priority_diff_2026-04-04.zip,full_machine_partial_with_ceiling,nogizaka_46.json,nogizaka_46,ぱちスロ 乃木坂46,京楽,AT,2023-08-07,True,A優先機種追加。天井情報を先行実装し、現段階では実戦メモ入力と天井確認を優先。設定差の公開整理前のため settingReferenceValues は未投入で、後続の精度フェーズで補完予定。,True,nogizaka_46.json,True,4,total_games|cz_count|at_count|legend_attack_count,総ゲーム数|CZ|AT|レジェンドアタック,0,1,GAME,999,True,https://p-town.dmm.com/machines/4404,
A,slot_analyzer_A_priority_diff_2026-04-04.zip,full_machine_partial_with_ceiling,watakon.json,watakon,わたしの幸せな結婚,コナミアミューズメント,BONUS_PLUS_AT,2025-07-07,True,A優先機種追加。天井情報を先行実装し、現段階では実戦メモ入力と天井確認を優先。設定差の公開整理前のため settingReferenceValues は未投入で、後続の精度フェーズで補完予定。,True,watakon.json,True,6,total_games|cz_count|cz_through_count|bonus_count|bonus_through_count|at_count,総ゲーム数|CZ|CZスルー|ボーナス|ボーナススルー|AT,0,4,GAME|GAME|COUNT|COUNT,800|350|6|7,True,https://p-town.dmm.com/machines/4803,
A,slot_analyzer_A_priority_diff_2026-04-04.zip,full_machine_partial_with_ceiling,youzitsu.json,youzitsu,スマスロ ようこそ実力至上主義の教室へ,DAXEL,AT,2025-05-07,True,A優先機種追加。天井情報を先行実装し、現段階では実戦メモ入力と天井確認を優先。設定差の公開整理前のため settingReferenceValues は未投入で、後続の精度フェーズで補完予定。,True,youzitsu.json,True,4,total_games|cz_count|cz_through_count|at_count,総ゲーム数|CZ|CZスルー|AT,0,3,GAME|GAME|COUNT,500|980|7,True,https://p-town.dmm.com/machines/4770,
A,slot_analyzer_A_priority_diff_2026-04-04.zip,full_machine_partial_with_ceiling,idolmaster_million_live.json,idolmaster_million_live,スマスロ アイドルマスター ミリオンライブ！ ネクストプロローグ,山佐,BONUS_PLUS_AT,2025-04-21,True,A優先機種追加。天井情報を先行実装し、現段階では実戦メモ入力と天井確認を優先。設定差の公開整理前のため settingReferenceValues は未投入で、後続の精度フェーズで補完予定。,True,idolmaster_million_live.json,True,3,total_games|bonus_count|at_count,総ゲーム数|ボーナス|AT,0,1,GAME,800,True,https://p-town.dmm.com/machines/4753,
A,slot_analyzer_A_priority_diff_2026-04-04.zip,full_machine_partial_with_ceiling,magia_record.json,magia_record,スマスロ マギアレコード 魔法少女まどか☆マギカ外伝,ミズホ,BONUS_PLUS_AT,,True,A優先機種追加。天井情報を先行実装し、現段階では実戦メモ入力と天井確認を優先。設定差の公開整理前のため settingReferenceValues は未投入で、後続の精度フェーズで補完予定。,True,magia_record.json,True,4,total_games|point_count|bonus_count|at_count,総ゲーム数|現在ポイント|ボーナス|AT,0,1,POINT,950,True,https://p-town.dmm.com/machines/4745,
A,slot_analyzer_A_priority_diff_2026-04-04.zip,full_machine_partial_with_ceiling,bakemonogatari.json,bakemonogatari,スマスロ 化物語,サミー,AT,2025-12-08,True,A優先機種追加。天井情報を先行実装し、現段階では実戦メモ入力と天井確認を優先。設定差の公開整理前のため settingReferenceValues は未投入で、後続の精度フェーズで補完予定。,True,bakemonogatari.json,True,4,total_games|cz_count|at_count|kaikou_count,総ゲーム数|解呪ノ儀|倖時間|怪逅の儀,0,1,GAME,1000,True,https://p-town.dmm.com/machines/4898,
A,slot_analyzer_A_priority_diff_2026-04-04.zip,full_machine_partial_with_ceiling,hihouden.json,hihouden,スマスロ 秘宝伝,,BONUS_PLUS_AT,,True,A優先機種追加。天井情報を先行実装し、現段階では実戦メモ入力と天井確認を優先。設定差の公開整理前のため settingReferenceValues は未投入で、後続の精度フェーズで補完予定。,True,hihouden.json,True,4,total_games|bb_count|reg_count|at_count,総ゲーム数|BIG|REG|AT/ST,0,1,GAME,799,True,https://p-town.dmm.com/machines/4929,
A,slot_analyzer_A_priority_diff_2026-04-04.zip,full_machine_partial_with_ceiling,kinnikuman_7devils.json,kinnikuman_7devils,スマスロキン肉マン～7人の悪魔超人編～,セブンリーグ,AT,2023-08-07,True,A優先機種追加。天井情報を先行実装し、現段階では実戦メモ入力と天井確認を優先。設定差の公開整理前のため settingReferenceValues は未投入で、後続の精度フェーズで補完予定。,True,kinnikuman_7devils.json,True,3,total_games|muscle_point|at_count,総ゲーム数|超人パワー|AT,0,1,POINT,1000,True,https://p-town.dmm.com/machines/4378,
A,slot_analyzer_A_priority_diff_2026-04-04.zip,full_machine_partial_with_ceiling,super_black_jack.json,super_black_jack,スマスロスーパーブラックジャック,セブンリーグ,BONUS_PLUS_AT,2025-02-03,True,A優先機種追加。天井情報を先行実装し、現段階では実戦メモ入力と天井確認を優先。設定差の公開整理前のため settingReferenceValues は未投入で、後続の精度フェーズで補完予定。,True,super_black_jack.json,True,5,total_games|bb_count|rb_count|rb_through_count|at_like_st_count,総ゲーム数|BIG|RB|RB天井用RB回数|ストックタイム,0,2,GAME|COUNT,999|4,True,https://p-town.dmm.com/machines/4712,
A,slot_analyzer_A_priority_diff_2026-04-04.zip,full_machine_partial_with_ceiling,initial_d_2.json,initial_d_2,スマスロ頭文字D 2nd,サミー,AT,2024-10-07,True,A優先機種追加。天井情報を先行実装し、現段階では実戦メモ入力と天井確認を優先。設定差の公開整理前のため settingReferenceValues は未投入で、後続の精度フェーズで補完予定。,True,initial_d_2.json,True,4,total_games|legend_battle_count|legend_battle_through_count|at_count,総ゲーム数|レジェンドバトル|LBスルー|AT,0,2,GAME|COUNT,599|6,True,https://p-town.dmm.com/machines/4635,
A,slot_analyzer_A_priority_diff_2026-04-04.zip,full_machine_partial_with_ceiling,rezero_season2.json,rezero_season2,スロット Re:ゼロから始める異世界生活 season2,パオン・ディーピー,AT,2024-10-21,True,A優先機種追加。天井情報を先行実装し、現段階では実戦メモ入力と天井確認を優先。設定差の公開整理前のため settingReferenceValues は未投入で、後続の精度フェーズで補完予定。,True,rezero_season2.json,True,4,total_games|point_count|at_count|super_greed_count,総ゲーム数|現在ポイント|AT|上位AT,0,2,POINT|GAME,1400|1300,True,https://p-town.dmm.com/machines/4658,
A,slot_analyzer_A_priority_diff_2026-04-04.zip,full_machine_partial_with_ceiling,inuyasha.json,inuyasha,パチスロ犬夜叉,クロスアルファ,AT,2022-07-04,True,A優先機種追加。天井情報を先行実装し、現段階では実戦メモ入力と天井確認を優先。設定差の公開整理前のため settingReferenceValues は未投入で、後続の精度フェーズで補完予定。,True,inuyasha.json,True,4,total_games|bonus_count|bonus_through_count|at_count,総ゲーム数|四魂ボーナス|ボーナスATスルー|AT,0,3,GAME|COUNT|GAME,666|7|3000,True,https://p-town.dmm.com/machines/4173,
A,slot_analyzer_A_priority_diff_2026-04-04.zip,full_machine_partial_with_ceiling,kaiji_kyouen.json,kaiji_kyouen,回胴黙示録カイジ 狂宴,サミー,BONUS_PLUS_AT,2025-03-03,True,A優先機種追加。天井情報を先行実装し、現段階では実戦メモ入力と天井確認を優先。設定差の公開整理前のため settingReferenceValues は未投入で、後続の精度フェーズで補完予定。,True,kaiji_kyouen.json,True,4,total_games|cz_count|bonus_count|at_like_rush_count,総ゲーム数|CZ|BIG/BB|利根川RUSH,0,1,GAME,1000,True,https://p-town.dmm.com/machines/4734,
B,B_priority_diff_2026-04-04.zip,full_machine_partial_with_ceiling,biohazard_5.json,biohazard_5,Lバイオハザード5,エンターライズ,AT,2025-03-03,True,B優先機種追加。天井情報を先行実装し、現段階では実戦メモ入力と天井確認を優先。設定差の公開整理前のため settingReferenceValues は未投入で、後続の精度フェーズで補完予定。,True,biohazard_5.json,True,2,total_games|at_count,総ゲーム数|AT,0,1,GAME,999,True,,
B,B_priority_diff_2026-04-04.zip,full_machine_partial_with_ceiling,love_cute_2.json,love_cute_2,Lラブキューレ2,コナミアミューズメント,BONUS_PLUS_AT,2024-03-04,True,B優先機種追加。天井情報を先行実装し、現段階では実戦メモ入力と天井確認を優先。設定差の公開整理前のため settingReferenceValues は未投入で、後続の精度フェーズで補完予定。,True,love_cute_2.json,True,3,total_games|bonus_count|art_count,総ゲーム数|ボーナス|ART,0,1,GAME,1000,True,,
B,B_priority_diff_2026-04-04.zip,full_machine_partial_with_ceiling,railgun.json,railgun,とある科学の超電磁砲,JFJ,AT,2022-11-07,True,B優先機種追加。天井情報を先行実装し、現段階では実戦メモ入力と天井確認を優先。設定差の公開整理前のため settingReferenceValues は未投入で、後続の精度フェーズで補完予定。,True,railgun.json,True,4,total_games|railgun_chance_count|through_count|at_count,総ゲーム数|超電磁砲チャンス|超電磁砲チャンススルー|メインAT,0,3,GAME|COUNT|GAME,700|6|1290,True,,
B,B_priority_diff_2026-04-04.zip,full_machine_partial_with_ceiling,akame_ga_kill.json,akame_ga_kill,アカメが斬る！,サミー,BONUS_PLUS_AT,2020-03-02,True,B優先機種追加。天井情報を先行実装し、現段階では実戦メモ入力と天井確認を優先。設定差の公開整理前のため settingReferenceValues は未投入で、後続の精度フェーズで補完予定。,True,akame_ga_kill.json,True,3,total_games|bonus_count|at_count,総ゲーム数|ボーナス|AT,0,1,GAME,999,True,,
B,B_priority_diff_2026-04-04.zip,full_machine_partial_with_ceiling,anata_no_otto_hades.json,anata_no_otto_hades,アナターのオット！？はーです,ミズホ,AT,2020-12-07,True,B優先機種追加。天井情報を先行実装し、現段階では実戦メモ入力と天井確認を優先。設定差の公開整理前のため settingReferenceValues は未投入で、後続の精度フェーズで補完予定。,True,anata_no_otto_hades.json,True,3,total_games|challenge_at_count|at_count,総ゲーム数|ゆるちゃれ|AT,0,1,GAME,555,True,,
B,B_priority_diff_2026-04-04.zip,full_machine_partial_with_ceiling,aladdin_classic.json,aladdin_classic,アラジンクラシック,サミー,AT,2022-01-24,True,B優先機種追加。天井情報を先行実装し、現段階では実戦メモ入力と天井確認を優先。設定差の公開整理前のため settingReferenceValues は未投入で、後続の精度フェーズで補完予定。,True,aladdin_classic.json,True,2,total_games|ac_count,総ゲーム数|AC,0,1,GAME,1200,True,,
B,B_priority_diff_2026-04-04.zip,full_machine_partial_with_ceiling,aldnoah_zero.json,aldnoah_zero,アルドノア・ゼロ,ユニバーサルブロス,BONUS_PLUS_AT,2021-05-10,True,B優先機種追加。天井情報を先行実装し、現段階では実戦メモ入力と天井確認を優先。設定差の公開整理前のため settingReferenceValues は未投入で、後続の精度フェーズで補完予定。,True,aldnoah_zero.json,True,3,total_games|bonus_count|at_count,総ゲーム数|ボーナス|AT,0,1,GAME,666,True,,
B,B_priority_diff_2026-04-04.zip,full_machine_partial_with_ceiling,cats_eye.json,cats_eye,キャッツアイ,平和,AT,2022-06-06,True,B優先機種追加。天井情報を先行実装し、現段階では実戦メモ入力と天井確認を優先。設定差の公開整理前のため settingReferenceValues は未投入で、後続の精度フェーズで補完予定。,True,cats_eye.json,True,2,total_games|at_count,総ゲーム数|AT,0,1,GAME,999,True,,
B,B_priority_diff_2026-04-04.zip,full_machine_partial_with_ceiling,char_counterattack.json,char_counterattack,シャア専用パチスロ 逆襲の赤い彗星,ビスティ,AT,2020-08-03,True,B優先機種追加。天井情報を先行実装し、現段階では実戦メモ入力と天井確認を優先。設定差の公開整理前のため settingReferenceValues は未投入で、後続の精度フェーズで補完予定。,True,char_counterattack.json,True,3,total_games|cz_count|at_count,総ゲーム数|CZ|AT,0,1,GAME,250,True,,
B,B_priority_diff_2026-04-04.zip,full_machine_partial_with_ceiling,tiger_bunny_sp.json,tiger_bunny_sp,タイガー&バニーSP,山佐,AT,2022-01-11,True,B優先機種追加。天井情報を先行実装し、現段階では実戦メモ入力と天井確認を優先。設定差の公開整理前のため settingReferenceValues は未投入で、後続の精度フェーズで補完予定。,True,tiger_bunny_sp.json,True,3,total_games|cz_count|at_count,総ゲーム数|CZ|AT,0,1,GAME,600,True,,
B,B_priority_diff_2026-04-04.zip,full_machine_partial_with_ceiling,drifters.json,drifters,ドリフターズ,サミー,AT,2022-08-08,True,B優先機種追加。天井情報を先行実装し、現段階では実戦メモ入力と天井確認を優先。設定差の公開整理前のため settingReferenceValues は未投入で、後続の精度フェーズで補完予定。,True,drifters.json,True,3,total_games|bonus_count|at_count,総ゲーム数|ドリフターズゲート以上|AT,0,1,GAME,800,True,,
B,B_priority_diff_2026-04-04.zip,full_machine_partial_with_ceiling,no_game_no_life.json,no_game_no_life,ノーゲーム・ノーライフ THE SLOT,北電子,AT,2021-04-05,True,B優先機種追加。天井情報を先行実装し、現段階では実戦メモ入力と天井確認を優先。設定差の公開整理前のため settingReferenceValues は未投入で、後続の精度フェーズで補完予定。,True,no_game_no_life.json,True,4,total_games|cycle_count|strategy_game_count|at_count,総ゲーム数|周期数|ストラテジーゲーム|AT,0,2,GAME|COUNT,700|10,True,,
B,B_priority_diff_2026-04-04.zip,full_machine_partial_with_ceiling,idolmaster.json,idolmaster,パチスロ アイドルマスター ミリオンライブ！,サミー,AT,2021-03-22,True,B優先機種追加。天井情報を先行実装し、現段階では実戦メモ入力と天井確認を優先。設定差の公開整理前のため settingReferenceValues は未投入で、後続の精度フェーズで補完予定。,True,idolmaster.json,True,4,total_games|fan_count|cz_through_count|at_count,総ゲーム数|ファン数|CZスルー|AT,0,2,POINT|COUNT,9999|8,True,,
B,B_priority_diff_2026-04-04.zip,full_machine_partial_with_ceiling,monster_hunter_iceborne.json,monster_hunter_iceborne,パチスロ モンスターハンターアイスボーン™,エンターライズ,AT,2023-01-30,True,B優先機種追加。天井情報を先行実装し、現段階では実戦メモ入力と天井確認を優先。設定差の公開整理前のため settingReferenceValues は未投入で、後続の精度フェーズで補完予定。,True,monster_hunter_iceborne.json,True,3,total_games|bonus_count|at_count,総ゲーム数|バトルボーナス|AT,0,1,GAME,999,True,,
B,B_priority_diff_2026-04-04.zip,full_machine_partial_with_ceiling,anemone.json,anemone,パチスロANEMONE 交響詩篇エウレカセブン HI-EVOLUTION,サミー,BONUS_PLUS_AT,2021-12-06,True,B優先機種追加。天井情報を先行実装し、現段階では実戦メモ入力と天井確認を優先。設定差の公開整理前のため settingReferenceValues は未投入で、後続の精度フェーズで補完予定。,True,anemone.json,True,4,total_games|big_count|reg_count|reg_through_count,総ゲーム数|BIG|REG|REGスルー,0,2,GAME|COUNT,808|6,True,,
B,B_priority_diff_2026-04-04.zip,full_machine_partial_with_ceiling,black_lagoon_4.json,black_lagoon_4,ブラックラグーン4,スパイキー,AT,2023-02-06,True,B優先機種追加。天井情報を先行実装し、現段階では実戦メモ入力と天井確認を優先。設定差の公開整理前のため settingReferenceValues は未投入で、後続の精度フェーズで補完予定。,True,black_lagoon_4.json,True,3,total_games|cz_count|at_count,総ゲーム数|CZ|AT,0,1,GAME,670,True,,
B,B_priority_diff_2026-04-04.zip,full_machine_partial_with_ceiling,yoshimune_3.json,yoshimune_3,吉宗3,大都技研,BONUS_PLUS_AT,2021-10-04,True,B優先機種追加。天井情報を先行実装し、現段階では実戦メモ入力と天井確認を優先。設定差の公開整理前のため settingReferenceValues は未投入で、後続の精度フェーズで補完予定。,True,yoshimune_3.json,True,2,total_games|bonus_count,総ゲーム数|ボーナス,0,1,GAME,767,True,,
B,B_priority_diff_2026-04-04.zip,full_machine_partial_with_ceiling,salaryman_bancho_2.json,salaryman_bancho_2,押忍！サラリーマン番長2,大都技研,BONUS_PLUS_AT,2020-04-20,True,B優先機種追加。天井情報を先行実装し、現段階では実戦メモ入力と天井確認を優先。設定差の公開整理前のため settingReferenceValues は未投入で、後続の精度フェーズで補完予定。,True,salaryman_bancho_2.json,True,3,total_games|bonus_count|at_count,総ゲーム数|疑似ボーナス|AT,0,1,GAME,799,True,,
B,B_priority_diff_2026-04-04.zip,full_machine_partial_with_ceiling,rakuen_tsuihou.json,rakuen_tsuihou,楽園追放,サミー,BONUS_PLUS_AT,2021-06-07,True,B優先機種追加。天井情報を先行実装し、現段階では実戦メモ入力と天井確認を優先。設定差の公開整理前のため settingReferenceValues は未投入で、後続の精度フェーズで補完予定。,True,rakuen_tsuihou.json,True,3,total_games|big_count|at_count,総ゲーム数|BIG|AT,0,1,GAME,650,True,,
B,B_priority_diff_2026-04-04.zip,full_machine_partial_with_ceiling,warau_salesman_zesshou.json,warau_salesman_zesshou,笑ゥせぇるすまん 絶笑,サンスリー,AT,2025-01-20,True,B優先機種追加。天井情報を先行実装し、現段階では実戦メモ入力と天井確認を優先。設定差の公開整理前のため settingReferenceValues は未投入で、後続の精度フェーズで補完予定。,True,warau_salesman_zesshou.json,True,2,total_games|at_count,総ゲーム数|AT,0,1,GAME,699,True,,
B,B_priority_diff_2026-04-04.zip,full_machine_partial_with_ceiling,warau_salesman_4.json,warau_salesman_4,笑ゥせぇるすまん4,三洋物産,BONUS_PLUS_AT,2022-12-05,True,B優先機種追加。天井情報を先行実装し、現段階では実戦メモ入力と天井確認を優先。設定差の公開整理前のため settingReferenceValues は未投入で、後続の精度フェーズで補完予定。,True,warau_salesman_4.json,True,2,total_games|bonus_count,総ゲーム数|疑似ボーナス,0,1,GAME,555,True,,
B,B_priority_diff_2026-04-04.zip,full_machine_partial_with_ceiling,ao_no_exorcist.json,ao_no_exorcist,青の祓魔師（エクソシスト）,サボハニ,AT,2020-08-03,True,B優先機種追加。天井情報を先行実装し、現段階では実戦メモ入力と天井確認を優先。設定差の公開整理前のため settingReferenceValues は未投入で、後続の精度フェーズで補完予定。,True,ao_no_exorcist.json,True,3,total_games|cz_count|at_count,総ゲーム数|CZ|AT,0,1,GAME,666,True,,
C,C_priority_partial_shell_diff_2026-04-04.zip,shell_partial_without_ceiling,big_shimauta_30.json,big_shimauta_30,BIG島唄30,,AT,,True,C優先機種追加。今回は機種選択と実戦メモ入力の器を先行して揃えたシェル実装。天井数値・攻略URL・設定差は次フェーズで個別精査のうえ補完予定。,True,big_shimauta_30.json,True,4,total_games|bonus_count|cz_count|at_count,総ゲーム数|ボーナス|CZ|AT,0,0,,,False,,
C,C_priority_partial_shell_diff_2026-04-04.zip,shell_partial_without_ceiling,g1_yushun_club_gold.json,g1_yushun_club_gold,LGI優駿倶楽部 黄金,,AT,,True,C優先機種追加。今回は機種選択と実戦メモ入力の器を先行して揃えたシェル実装。天井数値・攻略URL・設定差は次フェーズで個別精査のうえ補完予定。,True,g1_yushun_club_gold.json,True,4,total_games|bonus_count|cz_count|at_count,総ゲーム数|ボーナス|CZ|AT,0,0,,,False,,
C,C_priority_partial_shell_diff_2026-04-04.zip,shell_partial_without_ceiling,madoka_magica_f.json,madoka_magica_f,Lまどか☆マギカf,,AT,,True,C優先機種追加。今回は機種選択と実戦メモ入力の器を先行して揃えたシェル実装。天井数値・攻略URL・設定差は次フェーズで個別精査のうえ補完予定。,True,madoka_magica_f.json,True,4,total_games|bonus_count|cz_count|at_count,総ゲーム数|ボーナス|CZ|AT,0,0,,,False,,
C,C_priority_partial_shell_diff_2026-04-04.zip,shell_partial_without_ceiling,l_code_geass.json,l_code_geass,Lコードギアス,,AT,,True,C優先機種追加。今回は機種選択と実戦メモ入力の器を先行して揃えたシェル実装。天井数値・攻略URL・設定差は次フェーズで個別精査のうえ補完予定。,True,l_code_geass.json,True,4,total_games|bonus_count|cz_count|at_count,総ゲーム数|ボーナス|CZ|AT,0,0,,,False,,
C,C_priority_partial_shell_diff_2026-04-04.zip,shell_partial_without_ceiling,godzilla_vs_eva.json,godzilla_vs_eva,LゴジラVSエヴァンゲリオン,,AT,,True,C優先機種追加。今回は機種選択と実戦メモ入力の器を先行して揃えたシェル実装。天井数値・攻略URL・設定差は次フェーズで個別精査のうえ補完予定。,True,godzilla_vs_eva.json,True,4,total_games|bonus_count|cz_count|at_count,総ゲーム数|ボーナス|CZ|AT,0,0,,,False,,
C,C_priority_partial_shell_diff_2026-04-04.zip,shell_partial_without_ceiling,neo_planet.json,neo_planet,Lネオプラネット,,AT,,True,C優先機種追加。今回は機種選択と実戦メモ入力の器を先行して揃えたシェル実装。天井数値・攻略URL・設定差は次フェーズで個別精査のうえ補完予定。,True,neo_planet.json,True,4,total_games|bonus_count|cz_count|at_count,総ゲーム数|ボーナス|CZ|AT,0,0,,,False,,
C,C_priority_partial_shell_diff_2026-04-04.zip,shell_partial_without_ceiling,babel.json,babel,Lバベル,,AT,,True,C優先機種追加。今回は機種選択と実戦メモ入力の器を先行して揃えたシェル実装。天井数値・攻略URL・設定差は次フェーズで個別精査のうえ補完予定。,True,babel.json,True,4,total_games|bonus_count|cz_count|at_count,総ゲーム数|ボーナス|CZ|AT,0,0,,,False,,
C,C_priority_partial_shell_diff_2026-04-04.zip,shell_partial_without_ceiling,prism_nana.json,prism_nana,Lプリズムナナ,,AT,,True,C優先機種追加。今回は機種選択と実戦メモ入力の器を先行して揃えたシェル実装。天井数値・攻略URL・設定差は次フェーズで個別精査のうえ補完予定。,True,prism_nana.json,True,4,total_games|bonus_count|cz_count|at_count,総ゲーム数|ボーナス|CZ|AT,0,0,,,False,,
C,C_priority_partial_shell_diff_2026-04-04.zip,shell_partial_without_ceiling,love_cute_2.json,love_cute_2,Lラブキューレ2,,AT,,True,C優先機種追加。今回は機種選択と実戦メモ入力の器を先行して揃えたシェル実装。天井数値・攻略URL・設定差は次フェーズで個別精査のうえ補完予定。,True,love_cute_2.json,True,4,total_games|bonus_count|cz_count|at_count,総ゲーム数|ボーナス|CZ|AT,0,0,,,False,,
C,C_priority_partial_shell_diff_2026-04-04.zip,shell_partial_without_ceiling,l_rino_heaven.json,l_rino_heaven,Lリノ ヘブン,,AT,,True,C優先機種追加。今回は機種選択と実戦メモ入力の器を先行して揃えたシェル実装。天井数値・攻略URL・設定差は次フェーズで個別精査のうえ補完予定。,True,l_rino_heaven.json,True,4,total_games|bonus_count|cz_count|at_count,総ゲーム数|ボーナス|CZ|AT,0,0,,,False,,
C,C_priority_partial_shell_diff_2026-04-04.zip,shell_partial_without_ceiling,l_ring_ni_kakero.json,l_ring_ni_kakero,Lリングにかけろ,,AT,,True,C優先機種追加。今回は機種選択と実戦メモ入力の器を先行して揃えたシェル実装。天井数値・攻略URL・設定差は次フェーズで個別精査のうえ補完予定。,True,l_ring_ni_kakero.json,True,4,total_games|bonus_count|cz_count|at_count,総ゲーム数|ボーナス|CZ|AT,0,0,,,False,,
C,C_priority_partial_shell_diff_2026-04-04.zip,shell_partial_without_ceiling,zenigata_5.json,zenigata_5,L主役は銭形5,,AT,,True,C優先機種追加。今回は機種選択と実戦メモ入力の器を先行して揃えたシェル実装。天井数値・攻略URL・設定差は次フェーズで個別精査のうえ補完予定。,True,zenigata_5.json,True,4,total_games|bonus_count|cz_count|at_count,総ゲーム数|ボーナス|CZ|AT,0,0,,,False,,
C,C_priority_partial_shell_diff_2026-04-04.zip,shell_partial_without_ceiling,l_yoshimune.json,l_yoshimune,L吉宗,,AT,,True,C優先機種追加。今回は機種選択と実戦メモ入力の器を先行して揃えたシェル実装。天井数値・攻略URL・設定差は次フェーズで個別精査のうえ補完予定。,True,l_yoshimune.json,True,4,total_games|bonus_count|cz_count|at_count,総ゲーム数|ボーナス|CZ|AT,0,0,,,False,,
C,C_priority_partial_shell_diff_2026-04-04.zip,shell_partial_without_ceiling,l_yoshimune_rising.json,l_yoshimune_rising,L吉宗ライジング,,AT,,True,C優先機種追加。今回は機種選択と実戦メモ入力の器を先行して揃えたシェル実装。天井数値・攻略URL・設定差は次フェーズで個別精査のうえ補完予定。,True,l_yoshimune_rising.json,True,4,total_games|bonus_count|cz_count|at_count,総ゲーム数|ボーナス|CZ|AT,0,0,,,False,,
C,C_priority_partial_shell_diff_2026-04-04.zip,shell_partial_without_ceiling,shin_onimusha_3.json,shin_onimusha_3,L新鬼武者3,,AT,,True,C優先機種追加。今回は機種選択と実戦メモ入力の器を先行して揃えたシェル実装。天井数値・攻略URL・設定差は次フェーズで個別精査のうえ補完予定。,True,shin_onimusha_3.json,True,4,total_games|bonus_count|cz_count|at_count,総ゲーム数|ボーナス|CZ|AT,0,0,,,False,,
C,C_priority_partial_shell_diff_2026-04-04.zip,shell_partial_without_ceiling,zettai_shougeki_4.json,zettai_shougeki_4,L絶対衝激4,,AT,,True,C優先機種追加。今回は機種選択と実戦メモ入力の器を先行して揃えたシェル実装。天井数値・攻略URL・設定差は次フェーズで個別精査のうえ補完予定。,True,zettai_shougeki_4.json,True,4,total_games|bonus_count|cz_count|at_count,総ゲーム数|ボーナス|CZ|AT,0,0,,,False,,
C,C_priority_partial_shell_diff_2026-04-04.zip,shell_partial_without_ceiling,hanagasa.json,hanagasa,L花笠,,AT,,True,C優先機種追加。今回は機種選択と実戦メモ入力の器を先行して揃えたシェル実装。天井数値・攻略URL・設定差は次フェーズで個別精査のうえ補完予定。,True,hanagasa.json,True,4,total_games|bonus_count|cz_count|at_count,総ゲーム数|ボーナス|CZ|AT,0,0,,,False,,
C,C_priority_partial_shell_diff_2026-04-04.zip,shell_partial_without_ceiling,senran_kagura_2.json,senran_kagura_2,L閃乱カグラ2,,AT,,True,C優先機種追加。今回は機種選択と実戦メモ入力の器を先行して揃えたシェル実装。天井数値・攻略URL・設定差は次フェーズで個別精査のうえ補完予定。,True,senran_kagura_2.json,True,4,total_games|bonus_count|cz_count|at_count,総ゲーム数|ボーナス|CZ|AT,0,0,,,False,,
C,C_priority_partial_shell_diff_2026-04-04.zip,shell_partial_without_ceiling,etotama.json,etotama,えとたま,,AT,,True,C優先機種追加。今回は機種選択と実戦メモ入力の器を先行して揃えたシェル実装。天井数値・攻略URL・設定差は次フェーズで個別精査のうえ補完予定。,True,etotama.json,True,4,total_games|bonus_count|cz_count|at_count,総ゲーム数|ボーナス|CZ|AT,0,0,,,False,,
C,C_priority_partial_shell_diff_2026-04-04.zip,shell_partial_without_ceiling,higurashi_matsuri2.json,higurashi_matsuri2,ひぐらしのなく頃に祭2 カケラ遊び編,,AT,,True,C優先機種追加。今回は機種選択と実戦メモ入力の器を先行して揃えたシェル実装。天井数値・攻略URL・設定差は次フェーズで個別精査のうえ補完予定。,True,higurashi_matsuri2.json,True,4,total_games|bonus_count|cz_count|at_count,総ゲーム数|ボーナス|CZ|AT,0,0,,,False,,
C,C_priority_partial_shell_diff_2026-04-04.zip,shell_partial_without_ceiling,motto_chibariyo_25.json,motto_chibariyo_25,もっと！チバリヨ！25,,AT,,True,C優先機種追加。今回は機種選択と実戦メモ入力の器を先行して揃えたシェル実装。天井数値・攻略URL・設定差は次フェーズで個別精査のうえ補完予定。,True,motto_chibariyo_25.json,True,4,total_games|bonus_count|cz_count|at_count,総ゲーム数|ボーナス|CZ|AT,0,0,,,False,,
C,C_priority_partial_shell_diff_2026-04-04.zip,shell_partial_without_ceiling,motto_chibariyo_30.json,motto_chibariyo_30,もっと！チバリヨ！30,,AT,,True,C優先機種追加。今回は機種選択と実戦メモ入力の器を先行して揃えたシェル実装。天井数値・攻略URL・設定差は次フェーズで個別精査のうえ補完予定。,True,motto_chibariyo_30.json,True,4,total_games|bonus_count|cz_count|at_count,総ゲーム数|ボーナス|CZ|AT,0,0,,,False,,
C,C_priority_partial_shell_diff_2026-04-04.zip,shell_partial_without_ceiling,ultra_chabudai_gaeshi.json,ultra_chabudai_gaeshi,ウルトラちゃぶ台返し,,AT,,True,C優先機種追加。今回は機種選択と実戦メモ入力の器を先行して揃えたシェル実装。天井数値・攻略URL・設定差は次フェーズで個別精査のうえ補完予定。,True,ultra_chabudai_gaeshi.json,True,4,total_games|bonus_count|cz_count|at_count,総ゲーム数|ボーナス|CZ|AT,0,0,,,False,,
C,C_priority_partial_shell_diff_2026-04-04.zip,shell_partial_without_ceiling,eva_tamashii_no_kyoumei.json,eva_tamashii_no_kyoumei,エヴァンゲリオン魂の共鳴,,AT,,True,C優先機種追加。今回は機種選択と実戦メモ入力の器を先行して揃えたシェル実装。天井数値・攻略URL・設定差は次フェーズで個別精査のうえ補完予定。,True,eva_tamashii_no_kyoumei.json,True,4,total_games|bonus_count|cz_count|at_count,総ゲーム数|ボーナス|CZ|AT,0,0,,,False,,
C,C_priority_partial_shell_diff_2026-04-04.zip,shell_partial_without_ceiling,super_bingo_neo_classic.json,super_bingo_neo_classic,スーパービンゴネオクラシック,,AT,,True,C優先機種追加。今回は機種選択と実戦メモ入力の器を先行して揃えたシェル実装。天井数値・攻略URL・設定差は次フェーズで個別精査のうえ補完予定。,True,super_bingo_neo_classic.json,True,4,total_games|bonus_count|cz_count|at_count,総ゲーム数|ボーナス|CZ|AT,0,0,,,False,,
C,C_priority_partial_shell_diff_2026-04-04.zip,shell_partial_without_ceiling,frame_arms_girls.json,frame_arms_girls,フレイムアームガールズ,,AT,,True,C優先機種追加。今回は機種選択と実戦メモ入力の器を先行して揃えたシェル実装。天井数値・攻略URL・設定差は次フェーズで個別精査のうえ補完予定。,True,frame_arms_girls.json,True,4,total_games|bonus_count|cz_count|at_count,総ゲーム数|ボーナス|CZ|AT,0,0,,,False,,
C,C_priority_partial_shell_diff_2026-04-04.zip,shell_partial_without_ceiling,my_flower_2.json,my_flower_2,マイフラワーⅡ,,AT,,True,C優先機種追加。今回は機種選択と実戦メモ入力の器を先行して揃えたシェル実装。天井数値・攻略URL・設定差は次フェーズで個別精査のうえ補完予定。,True,my_flower_2.json,True,4,total_games|bonus_count|cz_count|at_count,総ゲーム数|ボーナス|CZ|AT,0,0,,,False,,
C,C_priority_partial_shell_diff_2026-04-04.zip,shell_partial_without_ceiling,momokyun_sword.json,momokyun_sword,モモキュンソード,,AT,,True,C優先機種追加。今回は機種選択と実戦メモ入力の器を先行して揃えたシェル実装。天井数値・攻略URL・設定差は次フェーズで個別精査のうえ補完予定。,True,momokyun_sword.json,True,4,total_games|bonus_count|cz_count|at_count,総ゲーム数|ボーナス|CZ|AT,0,0,,,False,,
C,C_priority_partial_shell_diff_2026-04-04.zip,shell_partial_without_ceiling,monster_hunter_golden.json,monster_hunter_golden,モンスターハンター黄金狩猟,,AT,,True,C優先機種追加。今回は機種選択と実戦メモ入力の器を先行して揃えたシェル実装。天井数値・攻略URL・設定差は次フェーズで個別精査のうえ補完予定。,True,monster_hunter_golden.json,True,4,total_games|bonus_count|cz_count|at_count,総ゲーム数|ボーナス|CZ|AT,0,0,,,False,,
C,C_priority_partial_shell_diff_2026-04-04.zip,shell_partial_without_ceiling,yatterman_zettai_seigi.json,yatterman_zettai_seigi,ヤッターマン絶対正義,,AT,,True,C優先機種追加。今回は機種選択と実戦メモ入力の器を先行して揃えたシェル実装。天井数値・攻略URL・設定差は次フェーズで個別精査のうえ補完予定。,True,yatterman_zettai_seigi.json,True,4,total_games|bonus_count|cz_count|at_count,総ゲーム数|ボーナス|CZ|AT,0,0,,,False,,
C,C_priority_partial_shell_diff_2026-04-04.zip,shell_partial_without_ceiling,ring_ni_kakero_1.json,ring_ni_kakero_1,リングにかけろ1,,AT,,True,C優先機種追加。今回は機種選択と実戦メモ入力の器を先行して揃えたシェル実装。天井数値・攻略URL・設定差は次フェーズで個別精査のうえ補完予定。,True,ring_ni_kakero_1.json,True,4,total_games|bonus_count|cz_count|at_count,総ゲーム数|ボーナス|CZ|AT,0,0,,,False,,
C,C_priority_partial_shell_diff_2026-04-04.zip,shell_partial_without_ceiling,one_bar_s30.json,one_bar_s30,ワンバーS30,,AT,,True,C優先機種追加。今回は機種選択と実戦メモ入力の器を先行して揃えたシェル実装。天井数値・攻略URL・設定差は次フェーズで個別精査のうえ補完予定。,True,one_bar_s30.json,True,4,total_games|bonus_count|cz_count|at_count,総ゲーム数|ボーナス|CZ|AT,0,0,,,False,,
C,C_priority_partial_shell_diff_2026-04-04.zip,shell_partial_without_ceiling,garo_ougon_kishi.json,garo_ougon_kishi,牙狼 黄金騎士,,AT,,True,C優先機種追加。今回は機種選択と実戦メモ入力の器を先行して揃えたシェル実装。天井数値・攻略URL・設定差は次フェーズで個別精査のうえ補完予定。,True,garo_ougon_kishi.json,True,4,total_games|bonus_count|cz_count|at_count,総ゲーム数|ボーナス|CZ|AT,0,0,,,False,,
C,C_priority_partial_shell_diff_2026-04-04.zip,shell_partial_without_ceiling,hihouden_megami.json,hihouden_megami,秘宝伝 解き放たれた女神,,AT,,True,C優先機種追加。今回は機種選択と実戦メモ入力の器を先行して揃えたシェル実装。天井数値・攻略URL・設定差は次フェーズで個別精査のうえ補完予定。,True,hihouden_megami.json,True,4,total_games|bonus_count|cz_count|at_count,総ゲーム数|ボーナス|CZ|AT,0,0,,,False,,
C,C_priority_partial_shell_diff_2026-04-04.zip,shell_partial_without_ceiling,hidan_no_aria_2.json,hidan_no_aria_2,緋弾のアリア2,,AT,,True,C優先機種追加。今回は機種選択と実戦メモ入力の器を先行して揃えたシェル実装。天井数値・攻略URL・設定差は次フェーズで個別精査のうえ補完予定。,True,hidan_no_aria_2.json,True,4,total_games|bonus_count|cz_count|at_count,総ゲーム数|ボーナス|CZ|AT,0,0,,,False,,
C,C_priority_partial_shell_diff_2026-04-04.zip,shell_partial_without_ceiling,hanabi_zekkei.json,hanabi_zekkei,花火絶景,,A+AT,,True,C優先機種追加。今回は機種選択と実戦メモ入力の器を先行して揃えたシェル実装。天井数値・攻略URL・設定差は次フェーズで個別精査のうえ補完予定。,True,hanabi_zekkei.json,True,4,total_games|bonus_count|cz_count|at_count,総ゲーム数|ボーナス|CZ|AT,0,0,,,False,,
C,C_priority_partial_shell_diff_2026-04-04.zip,shell_partial_without_ceiling,jabami_yumeko.json,jabami_yumeko,蛇喰夢子という女,,AT,,True,C優先機種追加。今回は機種選択と実戦メモ入力の器を先行して揃えたシェル実装。天井数値・攻略URL・設定差は次フェーズで個別精査のうえ補完予定。,True,jabami_yumeko.json,True,4,total_games|bonus_count|cz_count|at_count,総ゲーム数|ボーナス|CZ|AT,0,0,,,False,,
C,C_priority_partial_shell_diff_2026-04-04.zip,shell_partial_without_ceiling,tekken4_ultimate_devil.json,tekken4_ultimate_devil,鉄拳4アルティメットデビルVer.,,AT,,True,C優先機種追加。今回は機種選択と実戦メモ入力の器を先行して揃えたシェル実装。天井数値・攻略URL・設定差は次フェーズで個別精査のうえ補完予定。,True,tekken4_ultimate_devil.json,True,4,total_games|bonus_count|cz_count|at_count,総ゲーム数|ボーナス|CZ|AT,0,0,,,False,,
